10:20:26 distributed.cli INFO: Logging to file: /wv/bwdev1/patrasej/dev/sigma_dvd/mpower_testcases/BRCM/analysis/dynamic_ir/distributed/transient_20260713_102026.log
10:20:26 distributed.model INFO: Loaded metadata from netlist/netlist_brcm/distributed_pkl_split_400K: 107 tiles, 269799 shared boundary nodes
10:20:36 distributed.model INFO: Interface: 269801 nodes (269799 boundary + 309 die attachment)
10:20:58 distributed.model INFO: Model created in 31.960s: 107 tile-worker handles, 30552740 interior nodes, 384010 boundary entries, 269801 interface nodes
10:20:58 distributed.cli INFO: Interface solver: direct (matvec=assembled, precond=block_jacobi, rtol=1.00e-12)
10:21:02 distributed.solver_td INFO: Smoothing: 107 tiles, cache hits=107/107, per-tile wall: max=0.000s mean=0.000s
10:21:02 distributed.solver_td INFO: VCS init: 12385192 total sources across 107 tiles (107 from cache)
10:21:02 distributed.solver_td INFO:   init_vcs: 0.5623s
10:21:02 distributed.solver_td INFO:   smooth_sources: 4.1874s
10:28:16 distributed.result_factorization DEBUG: Tile (0, 0, 0) factor_and_compute_schur:
  G_ii: 273,813 x 273,813, nnz=1,273,073 (density 0.00170%), 16.7 MB
  G_pp: 1,820 x 1,820, nnz=2,878
  G_pi: 1,820 x 273,813, nnz=1,612  |  G_ip: 273,813 x 1,820, nnz=1,612
  Block system memory: 16.7 MB
  factor_interior: 184.964s  |  backend: cholmod(partial, mode=simplicial, ordering=amd, natural, idx=32-bit)
  compute_schur: 186.469s  |  Schur: 1,820 x 1,820 dense (25.3 MB)
10:28:16 distributed.result_factorization DEBUG: Tile (0, 0, 1) factor_and_compute_schur:
  G_ii: 267,660 x 267,660, nnz=1,244,704 (density 0.00174%), 16.5 MB
  G_pp: 2,805 x 2,805, nnz=2,857
  G_pi: 2,805 x 267,660, nnz=6,801  |  G_ip: 267,660 x 2,805, nnz=6,801
  Block system memory: 16.5 MB
  factor_interior: 224.848s  |  backend: cholmod(partial, mode=simplicial, ordering=amd, natural, idx=32-bit)
  compute_schur: 226.939s  |  Schur: 2,805 x 2,805 dense (60.0 MB)
10:28:16 distributed.result_factorization DEBUG: Tile (0, 1, 0) factor_and_compute_schur:
  G_ii: 259,516 x 259,516, nnz=1,216,386 (density 0.00181%), 16.1 MB
  G_pp: 4,156 x 4,156, nnz=5,230
  G_pi: 4,156 x 259,516, nnz=5,633  |  G_ip: 259,516 x 4,156, nnz=5,633
  Block system memory: 16.1 MB
  factor_interior: 274.160s  |  backend: cholmod(partial, mode=simplicial, ordering=amd, natural, idx=32-bit)
  compute_schur: 276.543s  |  Schur: 4,156 x 4,156 dense (131.8 MB)
10:28:16 distributed.result_factorization DEBUG: Tile (0, 1, 1) factor_and_compute_schur:
  G_ii: 260,018 x 260,018, nnz=1,212,188 (density 0.00179%), 16.1 MB
  G_pp: 3,637 x 3,637, nnz=4,979
  G_pi: 3,637 x 260,018, nnz=5,762  |  G_ip: 260,018 x 3,637, nnz=5,762
  Block system memory: 16.1 MB
  factor_interior: 259.542s  |  backend: cholmod(partial, mode=simplicial, ordering=amd, natural, idx=32-bit)
  compute_schur: 261.658s  |  Schur: 3,637 x 3,637 dense (100.9 MB)
10:28:16 distributed.result_factorization DEBUG: Tile (0, 1, 2) factor_and_compute_schur:
  G_ii: 254,367 x 254,367, nnz=1,219,813 (density 0.00189%), 16.2 MB
  G_pp: 3,995 x 3,995, nnz=5,807
  G_pi: 3,995 x 254,367, nnz=7,435  |  G_ip: 254,367 x 3,995, nnz=7,435
  Block system memory: 16.2 MB
  factor_interior: 251.538s  |  backend: cholmod(partial, mode=simplicial, ordering=amd, natural, idx=32-bit)
  compute_schur: 253.567s  |  Schur: 3,995 x 3,995 dense (121.8 MB)
10:28:16 distributed.result_factorization DEBUG: Tile (0, 1, 3) factor_and_compute_schur:
  G_ii: 253,798 x 253,798, nnz=1,213,734 (density 0.00188%), 16.0 MB
  G_pp: 2,672 x 2,672, nnz=2,996
  G_pi: 2,672 x 253,798, nnz=6,328  |  G_ip: 253,798 x 2,672, nnz=6,328
  Block system memory: 16.0 MB
  factor_interior: 212.523s  |  backend: cholmod(partial, mode=simplicial, ordering=amd, natural, idx=32-bit)
  compute_schur: 215.352s  |  Schur: 2,672 x 2,672 dense (54.5 MB)
10:28:16 distributed.result_factorization DEBUG: Tile (0, 2, 0) factor_and_compute_schur:
  G_ii: 370,853 x 370,853, nnz=1,716,949 (density 0.00125%), 22.9 MB
  G_pp: 7,053 x 7,053, nnz=8,795
  G_pi: 7,053 x 370,853, nnz=9,612  |  G_ip: 370,853 x 7,053, nnz=9,612
  Block system memory: 22.9 MB
  factor_interior: 424.727s  |  backend: cholmod(partial, mode=simplicial, ordering=amd, natural, idx=32-bit)
  compute_schur: 433.138s  |  Schur: 7,053 x 7,053 dense (379.5 MB)
10:28:16 distributed.result_factorization DEBUG: Tile (0, 2, 1) factor_and_compute_schur:
  G_ii: 356,279 x 356,279, nnz=1,692,289 (density 0.00133%), 22.5 MB
  G_pp: 6,430 x 6,430, nnz=9,348
  G_pi: 6,430 x 356,279, nnz=11,702  |  G_ip: 356,279 x 6,430, nnz=11,702
  Block system memory: 22.5 MB
  factor_interior: 195.732s  |  backend: cholmod(partial, mode=simplicial, ordering=amd, natural, idx=32-bit)
  compute_schur: 214.037s  |  Schur: 6,430 x 6,430 dense (315.4 MB)
10:28:16 distributed.result_factorization DEBUG: Tile (0, 3, 0) factor_and_compute_schur:
  G_ii: 292,589 x 292,589, nnz=1,355,183 (density 0.00158%), 17.9 MB
  G_pp: 2,716 x 2,716, nnz=3,606
  G_pi: 2,716 x 292,589, nnz=3,511  |  G_ip: 292,589 x 2,716, nnz=3,511
  Block system memory: 17.9 MB
  factor_interior: 247.244s  |  backend: cholmod(partial, mode=simplicial, ordering=amd, natural, idx=32-bit)
  compute_schur: 248.631s  |  Schur: 2,716 x 2,716 dense (56.3 MB)
10:28:16 distributed.result_factorization DEBUG: Tile (0, 3, 1) factor_and_compute_schur:
  G_ii: 286,310 x 286,310, nnz=1,339,208 (density 0.00163%), 17.7 MB
  G_pp: 2,721 x 2,721, nnz=2,735
  G_pi: 2,721 x 286,310, nnz=6,003  |  G_ip: 286,310 x 2,721, nnz=6,003
  Block system memory: 17.7 MB
  factor_interior: 200.731s  |  backend: cholmod(partial, mode=simplicial, ordering=amd, natural, idx=32-bit)
  compute_schur: 203.918s  |  Schur: 2,721 x 2,721 dense (56.5 MB)
10:28:16 distributed.result_factorization DEBUG: Tile (0, 4, 0) factor_and_compute_schur:
  G_ii: 314,639 x 314,639, nnz=1,457,603 (density 0.00147%), 19.2 MB
  G_pp: 2,931 x 2,931, nnz=4,545
  G_pi: 2,931 x 314,639, nnz=3,455  |  G_ip: 314,639 x 2,931, nnz=3,455
  Block system memory: 19.2 MB
  factor_interior: 272.905s  |  backend: cholmod(partial, mode=simplicial, ordering=amd, natural, idx=32-bit)
  compute_schur: 274.038s  |  Schur: 2,931 x 2,931 dense (65.5 MB)
10:28:16 distributed.result_factorization DEBUG: Tile (0, 4, 1) factor_and_compute_schur:
  G_ii: 303,472 x 303,472, nnz=1,432,972 (density 0.00156%), 18.9 MB
  G_pp: 2,290 x 2,290, nnz=2,304
  G_pi: 2,290 x 303,472, nnz=5,178  |  G_ip: 303,472 x 2,290, nnz=5,178
  Block system memory: 18.9 MB
  factor_interior: 182.971s  |  backend: cholmod(partial, mode=simplicial, ordering=amd, natural, idx=32-bit)
  compute_schur: 184.709s  |  Schur: 2,290 x 2,290 dense (40.0 MB)
10:28:16 distributed.result_factorization DEBUG: Tile (0, 5, 0) factor_and_compute_schur:
  G_ii: 256,459 x 256,459, nnz=1,189,449 (density 0.00181%), 15.7 MB
  G_pp: 1,886 x 1,886, nnz=2,588
  G_pi: 1,886 x 256,459, nnz=2,431  |  G_ip: 256,459 x 1,886, nnz=2,431
  Block system memory: 15.7 MB
  factor_interior: 228.287s  |  backend: cholmod(partial, mode=simplicial, ordering=amd, natural, idx=32-bit)
  compute_schur: 229.411s  |  Schur: 1,886 x 1,886 dense (27.1 MB)
10:28:16 distributed.result_factorization DEBUG: Tile (0, 5, 1) factor_and_compute_schur:
  G_ii: 249,863 x 249,863, nnz=1,176,233 (density 0.00188%), 15.5 MB
  G_pp: 1,268 x 1,268, nnz=1,286
  G_pi: 1,268 x 249,863, nnz=2,923  |  G_ip: 249,863 x 1,268, nnz=2,923
  Block system memory: 15.5 MB
  factor_interior: 109.935s  |  backend: cholmod(partial, mode=simplicial, ordering=amd, natural, idx=32-bit)
  compute_schur: 111.285s  |  Schur: 1,268 x 1,268 dense (12.3 MB)
10:28:16 distributed.result_factorization DEBUG: Tile (1, 0, 0) factor_and_compute_schur:
  G_ii: 263,881 x 263,881, nnz=1,229,103 (density 0.00177%), 16.2 MB
  G_pp: 3,209 x 3,209, nnz=4,251
  G_pi: 3,209 x 263,881, nnz=3,561  |  G_ip: 263,881 x 3,209, nnz=3,561
  Block system memory: 16.2 MB
  factor_interior: 225.312s  |  backend: cholmod(partial, mode=simplicial, ordering=amd, natural, idx=32-bit)
  compute_schur: 228.292s  |  Schur: 3,209 x 3,209 dense (78.6 MB)
10:28:16 distributed.result_factorization DEBUG: Tile (1, 0, 1) factor_and_compute_schur:
  G_ii: 262,788 x 262,788, nnz=1,221,908 (density 0.00177%), 16.1 MB
  G_pp: 1,584 x 1,584, nnz=1,636
  G_pi: 1,584 x 262,788, nnz=2,760  |  G_ip: 262,788 x 1,584, nnz=2,760
  Block system memory: 16.1 MB
  factor_interior: 172.411s  |  backend: cholmod(partial, mode=simplicial, ordering=amd, natural, idx=32-bit)
  compute_schur: 173.828s  |  Schur: 1,584 x 1,584 dense (19.1 MB)
10:28:16 distributed.result_factorization DEBUG: Tile (1, 1, 0) factor_and_compute_schur:
  G_ii: 256,910 x 256,910, nnz=1,235,536 (density 0.00187%), 16.3 MB
  G_pp: 4,710 x 4,710, nnz=5,926
  G_pi: 4,710 x 256,910, nnz=5,677  |  G_ip: 256,910 x 4,710, nnz=5,677
  Block system memory: 16.3 MB
  factor_interior: 290.515s  |  backend: cholmod(partial, mode=simplicial, ordering=amd, natural, idx=32-bit)
  compute_schur: 294.161s  |  Schur: 4,710 x 4,710 dense (169.3 MB)
10:28:16 distributed.result_factorization DEBUG: Tile (1, 1, 1) factor_and_compute_schur:
  G_ii: 256,115 x 256,115, nnz=1,230,773 (density 0.00188%), 16.2 MB
  G_pp: 2,823 x 2,823, nnz=3,467
  G_pi: 2,823 x 256,115, nnz=4,623  |  G_ip: 256,115 x 2,823, nnz=4,623
  Block system memory: 16.2 MB
  factor_interior: 248.530s  |  backend: cholmod(partial, mode=simplicial, ordering=amd, natural, idx=32-bit)
  compute_schur: 250.447s  |  Schur: 2,823 x 2,823 dense (60.8 MB)
10:28:16 distributed.result_factorization DEBUG: Tile (1, 1, 2) factor_and_compute_schur:
  G_ii: 258,103 x 258,103, nnz=1,211,701 (density 0.00182%), 16.1 MB
  G_pp: 4,113 x 4,113, nnz=5,785
  G_pi: 4,113 x 258,103, nnz=6,130  |  G_ip: 258,103 x 4,113, nnz=6,130
  Block system memory: 16.1 MB
  factor_interior: 164.740s  |  backend: cholmod(partial, mode=simplicial, ordering=amd, natural, idx=32-bit)
  compute_schur: 168.903s  |  Schur: 4,113 x 4,113 dense (129.1 MB)
10:28:16 distributed.result_factorization DEBUG: Tile (1, 1, 3) factor_and_compute_schur:
  G_ii: 258,931 x 258,931, nnz=1,208,347 (density 0.00180%), 16.0 MB
  G_pp: 3,411 x 3,411, nnz=4,163
  G_pi: 3,411 x 258,931, nnz=6,426  |  G_ip: 258,931 x 3,411, nnz=6,426
  Block system memory: 16.0 MB
  factor_interior: 242.519s  |  backend: cholmod(partial, mode=simplicial, ordering=amd, natural, idx=32-bit)
  compute_schur: 246.073s  |  Schur: 3,411 x 3,411 dense (88.8 MB)
10:28:16 distributed.result_factorization DEBUG: Tile (1, 2, 0) factor_and_compute_schur:
  G_ii: 298,329 x 298,329, nnz=1,430,205 (density 0.00161%), 18.8 MB
  G_pp: 4,011 x 4,011, nnz=5,773
  G_pi: 4,011 x 298,329, nnz=4,667  |  G_ip: 298,329 x 4,011, nnz=4,667
  Block system memory: 18.8 MB
  factor_interior: 253.867s  |  backend: cholmod(partial, mode=simplicial, ordering=amd, natural, idx=32-bit)
  compute_schur: 257.036s  |  Schur: 4,011 x 4,011 dense (122.7 MB)
10:28:16 distributed.result_factorization DEBUG: Tile (1, 2, 1) factor_and_compute_schur:
  G_ii: 298,581 x 298,581, nnz=1,428,897 (density 0.00160%), 18.8 MB
  G_pp: 3,427 x 3,427, nnz=4,277
  G_pi: 3,427 x 298,581, nnz=4,624  |  G_ip: 298,581 x 3,427, nnz=4,624
  Block system memory: 18.8 MB
  factor_interior: 253.692s  |  backend: cholmod(partial, mode=simplicial, ordering=amd, natural, idx=32-bit)
  compute_schur: 255.260s  |  Schur: 3,427 x 3,427 dense (89.6 MB)
10:28:16 distributed.result_factorization DEBUG: Tile (1, 2, 2) factor_and_compute_schur:
  G_ii: 301,438 x 301,438, nnz=1,423,126 (density 0.00157%), 18.8 MB
  G_pp: 4,358 x 4,358, nnz=5,270
  G_pi: 4,358 x 301,438, nnz=6,995  |  G_ip: 301,438 x 4,358, nnz=6,995
  Block system memory: 18.8 MB
  factor_interior: 241.052s  |  backend: cholmod(partial, mode=simplicial, ordering=amd, natural, idx=32-bit)
  compute_schur: 244.013s  |  Schur: 4,358 x 4,358 dense (144.9 MB)
10:28:16 distributed.result_factorization DEBUG: Tile (1, 2, 3) factor_and_compute_schur:
  G_ii: 297,410 x 297,410, nnz=1,417,876 (density 0.00160%), 18.8 MB
  G_pp: 4,070 x 4,070, nnz=4,874
  G_pi: 4,070 x 297,410, nnz=7,925  |  G_ip: 297,410 x 4,070, nnz=7,925
  Block system memory: 18.8 MB
  factor_interior: 211.571s  |  backend: cholmod(partial, mode=simplicial, ordering=amd, natural, idx=32-bit)
  compute_schur: 214.661s  |  Schur: 4,070 x 4,070 dense (126.4 MB)
10:28:16 distributed.result_factorization DEBUG: Tile (1, 3, 0) factor_and_compute_schur:
  G_ii: 326,557 x 326,557, nnz=1,515,085 (density 0.00142%), 20.2 MB
  G_pp: 7,000 x 7,000, nnz=7,918
  G_pi: 7,000 x 326,557, nnz=10,256  |  G_ip: 326,557 x 7,000, nnz=10,256
  Block system memory: 20.2 MB
  factor_interior: 294.530s  |  backend: cholmod(partial, mode=simplicial, ordering=amd, natural, idx=32-bit)
  compute_schur: 302.757s  |  Schur: 7,000 x 7,000 dense (373.8 MB)
10:28:16 distributed.result_factorization DEBUG: Tile (1, 3, 1) factor_and_compute_schur:
  G_ii: 317,395 x 317,395, nnz=1,487,469 (density 0.00148%), 19.8 MB
  G_pp: 6,619 x 6,619, nnz=7,443
  G_pi: 6,619 x 317,395, nnz=11,410  |  G_ip: 317,395 x 6,619, nnz=11,410
  Block system memory: 19.8 MB
  factor_interior: 315.515s  |  backend: cholmod(partial, mode=simplicial, ordering=amd, natural, idx=32-bit)
  compute_schur: 325.106s  |  Schur: 6,619 x 6,619 dense (334.3 MB)
10:28:16 distributed.result_factorization DEBUG: Tile (1, 4, 0) factor_and_compute_schur:
  G_ii: 206,833 x 206,833, nnz=965,255 (density 0.00226%), 12.8 MB
  G_pp: 3,305 x 3,305, nnz=4,249
  G_pi: 3,305 x 206,833, nnz=4,504  |  G_ip: 206,833 x 3,305, nnz=4,504
  Block system memory: 12.8 MB
  factor_interior: 165.421s  |  backend: cholmod(partial, mode=simplicial, ordering=amd, natural, idx=32-bit)
  compute_schur: 168.376s  |  Schur: 3,305 x 3,305 dense (83.3 MB)
10:28:16 distributed.result_factorization DEBUG: Tile (1, 4, 1) factor_and_compute_schur:
  G_ii: 201,907 x 201,907, nnz=964,289 (density 0.00237%), 12.7 MB
  G_pp: 1,432 x 1,432, nnz=1,914
  G_pi: 1,432 x 201,907, nnz=2,551  |  G_ip: 201,907 x 1,432, nnz=2,551
  Block system memory: 12.7 MB
  factor_interior: 80.163s  |  backend: cholmod(partial, mode=simplicial, ordering=amd, natural, idx=32-bit)
  compute_schur: 80.865s  |  Schur: 1,432 x 1,432 dense (15.6 MB)
10:28:16 distributed.result_factorization DEBUG: Tile (1, 4, 2) factor_and_compute_schur:
  G_ii: 203,499 x 203,499, nnz=956,811 (density 0.00231%), 12.7 MB
  G_pp: 3,116 x 3,116, nnz=3,930
  G_pi: 3,116 x 203,499, nnz=5,099  |  G_ip: 203,499 x 3,116, nnz=5,099
  Block system memory: 12.7 MB
  factor_interior: 164.497s  |  backend: cholmod(partial, mode=simplicial, ordering=amd, natural, idx=32-bit)
  compute_schur: 167.417s  |  Schur: 3,116 x 3,116 dense (74.1 MB)
10:28:16 distributed.result_factorization DEBUG: Tile (1, 4, 3) factor_and_compute_schur:
  G_ii: 200,392 x 200,392, nnz=956,328 (density 0.00238%), 12.6 MB
  G_pp: 1,699 x 1,699, nnz=2,453
  G_pi: 1,699 x 200,392, nnz=3,118  |  G_ip: 200,392 x 1,699, nnz=3,118
  Block system memory: 12.6 MB
  factor_interior: 83.502s  |  backend: cholmod(partial, mode=simplicial, ordering=amd, natural, idx=32-bit)
  compute_schur: 85.037s  |  Schur: 1,699 x 1,699 dense (22.0 MB)
10:28:16 distributed.result_factorization DEBUG: Tile (1, 5) factor_and_compute_schur:
  G_ii: 201,199 x 201,199, nnz=953,835 (density 0.00236%), 12.5 MB
  G_pp: 1,330 x 1,330, nnz=1,410
  G_pi: 1,330 x 201,199, nnz=2,284  |  G_ip: 201,199 x 1,330, nnz=2,284
  Block system memory: 12.5 MB
  factor_interior: 21.760s  |  backend: cholmod(partial, mode=simplicial, ordering=amd, natural, idx=32-bit)
  compute_schur: 22.354s  |  Schur: 1,330 x 1,330 dense (13.5 MB)
10:28:16 distributed.result_factorization DEBUG: Tile (2, 0, 0) factor_and_compute_schur:
  G_ii: 264,684 x 264,684, nnz=1,232,522 (density 0.00176%), 16.2 MB
  G_pp: 1,964 x 1,964, nnz=3,012
  G_pi: 1,964 x 264,684, nnz=1,849  |  G_ip: 264,684 x 1,964, nnz=1,849
  Block system memory: 16.2 MB
  factor_interior: 175.944s  |  backend: cholmod(partial, mode=simplicial, ordering=amd, natural, idx=32-bit)
  compute_schur: 177.520s  |  Schur: 1,964 x 1,964 dense (29.4 MB)
10:28:16 distributed.result_factorization DEBUG: Tile (2, 0, 1) factor_and_compute_schur:
  G_ii: 261,372 x 261,372, nnz=1,216,966 (density 0.00178%), 16.1 MB
  G_pp: 2,804 x 2,804, nnz=2,864
  G_pi: 2,804 x 261,372, nnz=4,059  |  G_ip: 261,372 x 2,804, nnz=4,059
  Block system memory: 16.1 MB
  factor_interior: 215.912s  |  backend: cholmod(partial, mode=simplicial, ordering=amd, natural, idx=32-bit)
  compute_schur: 219.254s  |  Schur: 2,804 x 2,804 dense (60.0 MB)
10:28:16 distributed.result_factorization DEBUG: Tile (2, 1, 0) factor_and_compute_schur:
  G_ii: 259,553 x 259,553, nnz=1,218,761 (density 0.00181%), 16.1 MB
  G_pp: 3,645 x 3,645, nnz=4,857
  G_pi: 3,645 x 259,553, nnz=5,570  |  G_ip: 259,553 x 3,645, nnz=5,570
  Block system memory: 16.1 MB
  factor_interior: 241.958s  |  backend: cholmod(partial, mode=simplicial, ordering=amd, natural, idx=32-bit)
  compute_schur: 245.236s  |  Schur: 3,645 x 3,645 dense (101.4 MB)
10:28:16 distributed.result_factorization DEBUG: Tile (2, 1, 1) factor_and_compute_schur:
  G_ii: 260,528 x 260,528, nnz=1,216,360 (density 0.00179%), 16.1 MB
  G_pp: 3,274 x 3,274, nnz=3,904
  G_pi: 3,274 x 260,528, nnz=5,735  |  G_ip: 260,528 x 3,274, nnz=5,735
  Block system memory: 16.1 MB
  factor_interior: 237.049s  |  backend: cholmod(partial, mode=simplicial, ordering=amd, natural, idx=32-bit)
  compute_schur: 239.898s  |  Schur: 3,274 x 3,274 dense (81.8 MB)
10:28:16 distributed.result_factorization DEBUG: Tile (2, 1, 2) factor_and_compute_schur:
  G_ii: 255,774 x 255,774, nnz=1,230,690 (density 0.00188%), 16.2 MB
  G_pp: 3,659 x 3,659, nnz=6,059
  G_pi: 3,659 x 255,774, nnz=4,637  |  G_ip: 255,774 x 3,659, nnz=4,637
  Block system memory: 16.2 MB
  factor_interior: 252.148s  |  backend: cholmod(partial, mode=simplicial, ordering=amd, natural, idx=32-bit)
  compute_schur: 253.745s  |  Schur: 3,659 x 3,659 dense (102.1 MB)
10:28:16 distributed.result_factorization DEBUG: Tile (2, 1, 3) factor_and_compute_schur:
  G_ii: 254,887 x 254,887, nnz=1,224,771 (density 0.00189%), 16.1 MB
  G_pp: 2,297 x 2,297, nnz=2,731
  G_pi: 2,297 x 254,887, nnz=4,564  |  G_ip: 254,887 x 2,297, nnz=4,564
  Block system memory: 16.1 MB
  factor_interior: 246.128s  |  backend: cholmod(partial, mode=simplicial, ordering=amd, natural, idx=32-bit)
  compute_schur: 247.537s  |  Schur: 2,297 x 2,297 dense (40.3 MB)
10:28:16 distributed.result_factorization DEBUG: Tile (2, 2, 0) factor_and_compute_schur:
  G_ii: 343,728 x 343,728, nnz=1,626,136 (density 0.00138%), 21.5 MB
  G_pp: 5,610 x 5,610, nnz=7,946
  G_pi: 5,610 x 343,728, nnz=7,422  |  G_ip: 343,728 x 5,610, nnz=7,422
  Block system memory: 21.5 MB
  factor_interior: 279.161s  |  backend: cholmod(partial, mode=simplicial, ordering=amd, natural, idx=32-bit)
  compute_schur: 283.666s  |  Schur: 5,610 x 5,610 dense (240.1 MB)
10:28:16 distributed.result_factorization DEBUG: Tile (2, 2, 1) factor_and_compute_schur:
  G_ii: 340,319 x 340,319, nnz=1,628,315 (density 0.00141%), 21.5 MB
  G_pp: 4,866 x 4,866, nnz=5,694
  G_pi: 4,866 x 340,319, nnz=8,856  |  G_ip: 340,319 x 4,866, nnz=8,856
  Block system memory: 21.5 MB
  factor_interior: 278.726s  |  backend: cholmod(partial, mode=simplicial, ordering=amd, natural, idx=32-bit)
  compute_schur: 281.919s  |  Schur: 4,866 x 4,866 dense (180.6 MB)
10:28:16 distributed.result_factorization DEBUG: Tile (2, 2, 2) factor_and_compute_schur:
  G_ii: 335,935 x 335,935, nnz=1,609,373 (density 0.00143%), 21.2 MB
  G_pp: 4,052 x 4,052, nnz=5,806
  G_pi: 4,052 x 335,935, nnz=5,397  |  G_ip: 335,935 x 4,052, nnz=5,397
  Block system memory: 21.2 MB
  factor_interior: 231.529s  |  backend: cholmod(partial, mode=simplicial, ordering=amd, natural, idx=32-bit)
  compute_schur: 237.615s  |  Schur: 4,052 x 4,052 dense (125.3 MB)
10:28:16 distributed.result_factorization DEBUG: Tile (2, 2, 3) factor_and_compute_schur:
  G_ii: 337,739 x 337,739, nnz=1,623,327 (density 0.00142%), 21.4 MB
  G_pp: 4,099 x 4,099, nnz=4,873
  G_pi: 4,099 x 337,739, nnz=7,981  |  G_ip: 337,739 x 4,099, nnz=7,981
  Block system memory: 21.4 MB
  factor_interior: 294.470s  |  backend: cholmod(partial, mode=simplicial, ordering=amd, natural, idx=32-bit)
  compute_schur: 297.277s  |  Schur: 4,099 x 4,099 dense (128.2 MB)
10:28:16 distributed.result_factorization DEBUG: Tile (2, 3, 0) factor_and_compute_schur:
  G_ii: 205,154 x 205,154, nnz=970,638 (density 0.00231%), 12.9 MB
  G_pp: 3,888 x 3,888, nnz=5,672
  G_pi: 3,888 x 205,154, nnz=5,127  |  G_ip: 205,154 x 3,888, nnz=5,127
  Block system memory: 12.9 MB
  factor_interior: 155.951s  |  backend: cholmod(partial, mode=simplicial, ordering=amd, natural, idx=32-bit)
  compute_schur: 159.367s  |  Schur: 3,888 x 3,888 dense (115.3 MB)
10:28:16 distributed.result_factorization DEBUG: Tile (2, 3, 1) factor_and_compute_schur:
  G_ii: 202,828 x 202,828, nnz=974,140 (density 0.00237%), 12.9 MB
  G_pp: 2,727 x 2,727, nnz=2,739
  G_pi: 2,727 x 202,828, nnz=5,491  |  G_ip: 202,828 x 2,727, nnz=5,491
  Block system memory: 12.9 MB
  factor_interior: 174.356s  |  backend: cholmod(partial, mode=simplicial, ordering=amd, natural, idx=32-bit)
  compute_schur: 178.246s  |  Schur: 2,727 x 2,727 dense (56.7 MB)
10:28:16 distributed.result_factorization DEBUG: Tile (2, 3, 2) factor_and_compute_schur:
  G_ii: 205,472 x 205,472, nnz=968,278 (density 0.00229%), 12.9 MB
  G_pp: 5,224 x 5,224, nnz=6,650
  G_pi: 5,224 x 205,472, nnz=7,385  |  G_ip: 205,472 x 5,224, nnz=7,385
  Block system memory: 12.9 MB
  factor_interior: 287.905s  |  backend: cholmod(partial, mode=simplicial, ordering=amd, natural, idx=32-bit)
  compute_schur: 291.601s  |  Schur: 5,224 x 5,224 dense (208.2 MB)
10:28:16 distributed.result_factorization DEBUG: Tile (2, 3, 3) factor_and_compute_schur:
  G_ii: 197,977 x 197,977, nnz=948,725 (density 0.00242%), 12.6 MB
  G_pp: 4,277 x 4,277, nnz=6,405
  G_pi: 4,277 x 197,977, nnz=7,493  |  G_ip: 197,977 x 4,277, nnz=7,493
  Block system memory: 12.6 MB
  factor_interior: 158.095s  |  backend: cholmod(partial, mode=simplicial, ordering=amd, natural, idx=32-bit)
  compute_schur: 169.999s  |  Schur: 4,277 x 4,277 dense (139.6 MB)
10:28:16 distributed.result_factorization DEBUG: Tile (2, 3, 4) factor_and_compute_schur:
  G_ii: 204,346 x 204,346, nnz=982,134 (density 0.00235%), 13.0 MB
  G_pp: 2,895 x 2,895, nnz=3,881
  G_pi: 2,895 x 204,346, nnz=4,492  |  G_ip: 204,346 x 2,895, nnz=4,492
  Block system memory: 13.0 MB
  factor_interior: 148.048s  |  backend: cholmod(partial, mode=simplicial, ordering=amd, natural, idx=32-bit)
  compute_schur: 150.708s  |  Schur: 2,895 x 2,895 dense (63.9 MB)
10:28:16 distributed.result_factorization DEBUG: Tile (2, 3, 5) factor_and_compute_schur:
  G_ii: 200,492 x 200,492, nnz=962,582 (density 0.00239%), 12.7 MB
  G_pp: 2,451 x 2,451, nnz=2,779
  G_pi: 2,451 x 200,492, nnz=5,366  |  G_ip: 200,492 x 2,451, nnz=5,366
  Block system memory: 12.7 MB
  factor_interior: 112.304s  |  backend: cholmod(partial, mode=simplicial, ordering=amd, natural, idx=32-bit)
  compute_schur: 114.650s  |  Schur: 2,451 x 2,451 dense (45.8 MB)
10:28:16 distributed.result_factorization DEBUG: Tile (2, 3, 6) factor_and_compute_schur:
  G_ii: 200,541 x 200,541, nnz=963,537 (density 0.00240%), 12.7 MB
  G_pp: 2,440 x 2,440, nnz=2,922
  G_pi: 2,440 x 200,541, nnz=4,491  |  G_ip: 200,541 x 2,440, nnz=4,491
  Block system memory: 12.7 MB
  factor_interior: 110.538s  |  backend: cholmod(partial, mode=simplicial, ordering=amd, natural, idx=32-bit)
  compute_schur: 112.300s  |  Schur: 2,440 x 2,440 dense (45.4 MB)
10:28:16 distributed.result_factorization DEBUG: Tile (2, 3, 7) factor_and_compute_schur:
  G_ii: 199,430 x 199,430, nnz=956,352 (density 0.00240%), 12.7 MB
  G_pp: 2,515 x 2,515, nnz=3,293
  G_pi: 2,515 x 199,430, nnz=5,831  |  G_ip: 199,430 x 2,515, nnz=5,831
  Block system memory: 12.7 MB
  factor_interior: 137.753s  |  backend: cholmod(partial, mode=simplicial, ordering=amd, natural, idx=32-bit)
  compute_schur: 140.636s  |  Schur: 2,515 x 2,515 dense (48.3 MB)
10:28:16 distributed.result_factorization DEBUG: Tile (2, 4, 0) factor_and_compute_schur:
  G_ii: 358,126 x 358,126, nnz=1,707,624 (density 0.00133%), 22.6 MB
  G_pp: 5,973 x 5,973, nnz=8,029
  G_pi: 5,973 x 358,126, nnz=8,474  |  G_ip: 358,126 x 5,973, nnz=8,474
  Block system memory: 22.6 MB
  factor_interior: 330.070s  |  backend: cholmod(partial, mode=simplicial, ordering=amd, natural, idx=32-bit)
  compute_schur: 335.190s  |  Schur: 5,973 x 5,973 dense (272.2 MB)
10:28:16 distributed.result_factorization DEBUG: Tile (2, 4, 1) factor_and_compute_schur:
  G_ii: 359,116 x 359,116, nnz=1,700,696 (density 0.00132%), 22.5 MB
  G_pp: 4,477 x 4,477, nnz=5,155
  G_pi: 4,477 x 359,116, nnz=7,901  |  G_ip: 359,116 x 4,477, nnz=7,901
  Block system memory: 22.5 MB
  factor_interior: 327.903s  |  backend: cholmod(partial, mode=simplicial, ordering=amd, natural, idx=32-bit)
  compute_schur: 330.388s  |  Schur: 4,477 x 4,477 dense (152.9 MB)
10:28:16 distributed.result_factorization DEBUG: Tile (2, 4, 2) factor_and_compute_schur:
  G_ii: 350,279 x 350,279, nnz=1,683,655 (density 0.00137%), 22.2 MB
  G_pp: 4,853 x 4,853, nnz=6,993
  G_pi: 4,853 x 350,279, nnz=8,018  |  G_ip: 350,279 x 4,853, nnz=8,018
  Block system memory: 22.2 MB
  factor_interior: 263.497s  |  backend: cholmod(partial, mode=simplicial, ordering=amd, natural, idx=32-bit)
  compute_schur: 267.119s  |  Schur: 4,853 x 4,853 dense (179.7 MB)
10:28:16 distributed.result_factorization DEBUG: Tile (2, 4, 3) factor_and_compute_schur:
  G_ii: 349,802 x 349,802, nnz=1,675,470 (density 0.00137%), 22.1 MB
  G_pp: 3,590 x 3,590, nnz=4,502
  G_pi: 3,590 x 349,802, nnz=6,794  |  G_ip: 349,802 x 3,590, nnz=6,794
  Block system memory: 22.1 MB
  factor_interior: 228.355s  |  backend: cholmod(partial, mode=simplicial, ordering=amd, natural, idx=32-bit)
  compute_schur: 230.990s  |  Schur: 3,590 x 3,590 dense (98.3 MB)
10:28:16 distributed.result_factorization DEBUG: Tile (2, 5, 0) factor_and_compute_schur:
  G_ii: 233,172 x 233,172, nnz=1,090,326 (density 0.00201%), 14.4 MB
  G_pp: 3,353 x 3,353, nnz=4,265
  G_pi: 3,353 x 233,172, nnz=5,004  |  G_ip: 233,172 x 3,353, nnz=5,004
  Block system memory: 14.4 MB
  factor_interior: 188.730s  |  backend: cholmod(partial, mode=simplicial, ordering=amd, natural, idx=32-bit)
  compute_schur: 192.174s  |  Schur: 3,353 x 3,353 dense (85.8 MB)
10:28:16 distributed.result_factorization DEBUG: Tile (2, 5, 1) factor_and_compute_schur:
  G_ii: 231,580 x 231,580, nnz=1,086,466 (density 0.00203%), 14.4 MB
  G_pp: 2,393 x 2,393, nnz=2,985
  G_pi: 2,393 x 231,580, nnz=4,308  |  G_ip: 231,580 x 2,393, nnz=4,308
  Block system memory: 14.4 MB
  factor_interior: 168.251s  |  backend: cholmod(partial, mode=simplicial, ordering=amd, natural, idx=32-bit)
  compute_schur: 171.535s  |  Schur: 2,393 x 2,393 dense (43.7 MB)
10:28:16 distributed.result_factorization DEBUG: Tile (2, 5, 2) factor_and_compute_schur:
  G_ii: 225,514 x 225,514, nnz=1,075,898 (density 0.00212%), 14.2 MB
  G_pp: 2,312 x 2,312, nnz=2,664
  G_pi: 2,312 x 225,514, nnz=4,232  |  G_ip: 225,514 x 2,312, nnz=4,232
  Block system memory: 14.2 MB
  factor_interior: 137.029s  |  backend: cholmod(partial, mode=simplicial, ordering=amd, natural, idx=32-bit)
  compute_schur: 138.572s  |  Schur: 2,312 x 2,312 dense (40.8 MB)
10:28:16 distributed.result_factorization DEBUG: Tile (2, 5, 3) factor_and_compute_schur:
  G_ii: 224,603 x 224,603, nnz=1,071,971 (density 0.00212%), 14.1 MB
  G_pp: 1,729 x 1,729, nnz=2,265
  G_pi: 1,729 x 224,603, nnz=3,584  |  G_ip: 224,603 x 1,729, nnz=3,584
  Block system memory: 14.1 MB
  factor_interior: 116.772s  |  backend: cholmod(partial, mode=simplicial, ordering=amd, natural, idx=32-bit)
  compute_schur: 118.517s  |  Schur: 1,729 x 1,729 dense (22.8 MB)
10:28:16 distributed.result_factorization DEBUG: Tile (3, 0, 0) factor_and_compute_schur:
  G_ii: 270,120 x 270,120, nnz=1,256,948 (density 0.00172%), 16.7 MB
  G_pp: 3,216 x 3,216, nnz=4,274
  G_pi: 3,216 x 270,120, nnz=6,163  |  G_ip: 270,120 x 3,216, nnz=6,163
  Block system memory: 16.7 MB
  factor_interior: 231.416s  |  backend: cholmod(partial, mode=simplicial, ordering=amd, natural, idx=32-bit)
  compute_schur: 234.592s  |  Schur: 3,216 x 3,216 dense (78.9 MB)
10:28:16 distributed.result_factorization DEBUG: Tile (3, 0, 1) factor_and_compute_schur:
  G_ii: 271,459 x 271,459, nnz=1,261,073 (density 0.00171%), 16.6 MB
  G_pp: 1,585 x 1,585, nnz=1,637
  G_pi: 1,585 x 271,459, nnz=2,696  |  G_ip: 271,459 x 1,585, nnz=2,696
  Block system memory: 16.6 MB
  factor_interior: 225.086s  |  backend: cholmod(partial, mode=simplicial, ordering=amd, natural, idx=32-bit)
  compute_schur: 226.404s  |  Schur: 1,585 x 1,585 dense (19.2 MB)
10:28:16 distributed.result_factorization DEBUG: Tile (3, 1, 0) factor_and_compute_schur:
  G_ii: 256,459 x 256,459, nnz=1,231,599 (density 0.00187%), 16.3 MB
  G_pp: 4,397 x 4,397, nnz=5,483
  G_pi: 4,397 x 256,459, nnz=6,351  |  G_ip: 256,459 x 4,397, nnz=6,351
  Block system memory: 16.3 MB
  factor_interior: 299.142s  |  backend: cholmod(partial, mode=simplicial, ordering=amd, natural, idx=32-bit)
  compute_schur: 301.532s  |  Schur: 4,397 x 4,397 dense (147.5 MB)
10:28:16 distributed.result_factorization DEBUG: Tile (3, 1, 1) factor_and_compute_schur:
  G_ii: 256,082 x 256,082, nnz=1,226,118 (density 0.00187%), 16.2 MB
  G_pp: 2,754 x 2,754, nnz=3,138
  G_pi: 2,754 x 256,082, nnz=5,450  |  G_ip: 256,082 x 2,754, nnz=5,450
  Block system memory: 16.2 MB
  factor_interior: 179.773s  |  backend: cholmod(partial, mode=simplicial, ordering=amd, natural, idx=32-bit)
  compute_schur: 182.240s  |  Schur: 2,754 x 2,754 dense (57.9 MB)
10:28:16 distributed.result_factorization DEBUG: Tile (3, 1, 2) factor_and_compute_schur:
  G_ii: 257,020 x 257,020, nnz=1,203,438 (density 0.00182%), 16.0 MB
  G_pp: 4,159 x 4,159, nnz=5,963
  G_pi: 4,159 x 257,020, nnz=6,646  |  G_ip: 257,020 x 4,159, nnz=6,646
  Block system memory: 16.0 MB
  factor_interior: 181.089s  |  backend: cholmod(partial, mode=simplicial, ordering=amd, natural, idx=32-bit)
  compute_schur: 185.774s  |  Schur: 4,159 x 4,159 dense (132.0 MB)
10:28:16 distributed.result_factorization DEBUG: Tile (3, 1, 3) factor_and_compute_schur:
  G_ii: 257,878 x 257,878, nnz=1,201,714 (density 0.00181%), 15.9 MB
  G_pp: 3,424 x 3,424, nnz=4,568
  G_pi: 3,424 x 257,878, nnz=6,211  |  G_ip: 257,878 x 3,424, nnz=6,211
  Block system memory: 15.9 MB
  factor_interior: 213.615s  |  backend: cholmod(partial, mode=simplicial, ordering=amd, natural, idx=32-bit)
  compute_schur: 217.570s  |  Schur: 3,424 x 3,424 dense (89.4 MB)
10:28:16 distributed.result_factorization DEBUG: Tile (3, 2, 0) factor_and_compute_schur:
  G_ii: 311,173 x 311,173, nnz=1,473,459 (density 0.00152%), 19.5 MB
  G_pp: 5,063 x 5,063, nnz=7,273
  G_pi: 5,063 x 311,173, nnz=7,403  |  G_ip: 311,173 x 5,063, nnz=7,403
  Block system memory: 19.5 MB
  factor_interior: 229.162s  |  backend: cholmod(partial, mode=simplicial, ordering=amd, natural, idx=32-bit)
  compute_schur: 234.910s  |  Schur: 5,063 x 5,063 dense (195.6 MB)
10:28:16 distributed.result_factorization DEBUG: Tile (3, 2, 1) factor_and_compute_schur:
  G_ii: 311,417 x 311,417, nnz=1,493,245 (density 0.00154%), 19.8 MB
  G_pp: 4,473 x 4,473, nnz=5,467
  G_pi: 4,473 x 311,417, nnz=8,321  |  G_ip: 311,417 x 4,473, nnz=8,321
  Block system memory: 19.8 MB
  factor_interior: 260.937s  |  backend: cholmod(partial, mode=simplicial, ordering=amd, natural, idx=32-bit)
  compute_schur: 263.606s  |  Schur: 4,473 x 4,473 dense (152.6 MB)
10:28:16 distributed.result_factorization DEBUG: Tile (3, 2, 2) factor_and_compute_schur:
  G_ii: 313,153 x 313,153, nnz=1,478,545 (density 0.00151%), 19.6 MB
  G_pp: 4,501 x 4,501, nnz=6,731
  G_pi: 4,501 x 313,153, nnz=6,097  |  G_ip: 313,153 x 4,501, nnz=6,097
  Block system memory: 19.6 MB
  factor_interior: 250.902s  |  backend: cholmod(partial, mode=simplicial, ordering=amd, natural, idx=32-bit)
  compute_schur: 255.632s  |  Schur: 4,501 x 4,501 dense (154.6 MB)
10:28:16 distributed.result_factorization DEBUG: Tile (3, 2, 3) factor_and_compute_schur:
  G_ii: 311,466 x 311,466, nnz=1,484,520 (density 0.00153%), 19.6 MB
  G_pp: 3,978 x 3,978, nnz=4,516
  G_pi: 3,978 x 311,466, nnz=8,748  |  G_ip: 311,466 x 3,978, nnz=8,748
  Block system memory: 19.6 MB
  factor_interior: 226.883s  |  backend: cholmod(partial, mode=simplicial, ordering=amd, natural, idx=32-bit)
  compute_schur: 230.207s  |  Schur: 3,978 x 3,978 dense (120.7 MB)
10:28:16 distributed.result_factorization DEBUG: Tile (3, 3, 0) factor_and_compute_schur:
  G_ii: 374,193 x 374,193, nnz=1,797,669 (density 0.00128%), 23.7 MB
  G_pp: 4,030 x 4,030, nnz=5,864
  G_pi: 4,030 x 374,193, nnz=6,301  |  G_ip: 374,193 x 4,030, nnz=6,301
  Block system memory: 23.7 MB
  factor_interior: 290.337s  |  backend: cholmod(partial, mode=simplicial, ordering=amd, natural, idx=32-bit)
  compute_schur: 292.410s  |  Schur: 4,030 x 4,030 dense (123.9 MB)
10:28:16 distributed.result_factorization DEBUG: Tile (3, 3, 1) factor_and_compute_schur:
  G_ii: 369,691 x 369,691, nnz=1,775,337 (density 0.00130%), 23.4 MB
  G_pp: 3,123 x 3,123, nnz=3,569
  G_pi: 3,123 x 369,691, nnz=6,660  |  G_ip: 369,691 x 3,123, nnz=6,660
  Block system memory: 23.4 MB
  factor_interior: 287.132s  |  backend: cholmod(partial, mode=simplicial, ordering=amd, natural, idx=32-bit)
  compute_schur: 288.272s  |  Schur: 3,123 x 3,123 dense (74.4 MB)
10:28:16 distributed.result_factorization DEBUG: Tile (3, 3, 2) factor_and_compute_schur:
  G_ii: 376,298 x 376,298, nnz=1,787,406 (density 0.00126%), 23.6 MB
  G_pp: 4,457 x 4,457, nnz=5,443
  G_pi: 4,457 x 376,298, nnz=7,770  |  G_ip: 376,298 x 4,457, nnz=7,770
  Block system memory: 23.6 MB
  factor_interior: 327.915s  |  backend: cholmod(partial, mode=simplicial, ordering=amd, natural, idx=32-bit)
  compute_schur: 330.695s  |  Schur: 4,457 x 4,457 dense (151.6 MB)
10:28:16 distributed.result_factorization DEBUG: Tile (3, 3, 3) factor_and_compute_schur:
  G_ii: 373,329 x 373,329, nnz=1,765,111 (density 0.00127%), 23.3 MB
  G_pp: 3,917 x 3,917, nnz=4,489
  G_pi: 3,917 x 373,329, nnz=8,646  |  G_ip: 373,329 x 3,917, nnz=8,646
  Block system memory: 23.3 MB
  factor_interior: 276.643s  |  backend: cholmod(partial, mode=simplicial, ordering=amd, natural, idx=32-bit)
  compute_schur: 278.561s  |  Schur: 3,917 x 3,917 dense (117.1 MB)
10:28:16 distributed.result_factorization DEBUG: Tile (3, 4, 0) factor_and_compute_schur:
  G_ii: 331,982 x 331,982, nnz=1,592,942 (density 0.00145%), 21.1 MB
  G_pp: 5,146 x 5,146, nnz=6,972
  G_pi: 5,146 x 331,982, nnz=8,111  |  G_ip: 331,982 x 5,146, nnz=8,111
  Block system memory: 21.1 MB
  factor_interior: 328.277s  |  backend: cholmod(partial, mode=simplicial, ordering=amd, natural, idx=32-bit)
  compute_schur: 331.670s  |  Schur: 5,146 x 5,146 dense (202.0 MB)
10:28:16 distributed.result_factorization DEBUG: Tile (3, 4, 1) factor_and_compute_schur:
  G_ii: 333,049 x 333,049, nnz=1,587,241 (density 0.00143%), 21.0 MB
  G_pp: 3,716 x 3,716, nnz=4,076
  G_pi: 3,716 x 333,049, nnz=8,294  |  G_ip: 333,049 x 3,716, nnz=8,294
  Block system memory: 21.0 MB
  factor_interior: 305.854s  |  backend: cholmod(partial, mode=simplicial, ordering=amd, natural, idx=32-bit)
  compute_schur: 307.378s  |  Schur: 3,716 x 3,716 dense (105.4 MB)
10:28:16 distributed.result_factorization DEBUG: Tile (3, 4, 2) factor_and_compute_schur:
  G_ii: 332,730 x 332,730, nnz=1,581,814 (density 0.00143%), 20.9 MB
  G_pp: 5,157 x 5,157, nnz=7,303
  G_pi: 5,157 x 332,730, nnz=7,323  |  G_ip: 332,730 x 5,157, nnz=7,323
  Block system memory: 20.9 MB
  factor_interior: 277.423s  |  backend: cholmod(partial, mode=simplicial, ordering=amd, natural, idx=32-bit)
  compute_schur: 280.988s  |  Schur: 5,157 x 5,157 dense (202.9 MB)
10:28:16 distributed.result_factorization DEBUG: Tile (3, 4, 3) factor_and_compute_schur:
  G_ii: 333,401 x 333,401, nnz=1,575,703 (density 0.00142%), 20.8 MB
  G_pp: 3,652 x 3,652, nnz=4,970
  G_pi: 3,652 x 333,401, nnz=6,154  |  G_ip: 333,401 x 3,652, nnz=6,154
  Block system memory: 20.8 MB
  factor_interior: 292.421s  |  backend: cholmod(partial, mode=simplicial, ordering=amd, natural, idx=32-bit)
  compute_schur: 294.060s  |  Schur: 3,652 x 3,652 dense (101.8 MB)
10:28:16 distributed.result_factorization DEBUG: Tile (3, 5, 0) factor_and_compute_schur:
  G_ii: 340,561 x 340,561, nnz=1,594,331 (density 0.00137%), 21.0 MB
  G_pp: 3,059 x 3,059, nnz=3,949
  G_pi: 3,059 x 340,561, nnz=5,123  |  G_ip: 340,561 x 3,059, nnz=5,123
  Block system memory: 21.0 MB
  factor_interior: 277.113s  |  backend: cholmod(partial, mode=simplicial, ordering=amd, natural, idx=32-bit)
  compute_schur: 278.456s  |  Schur: 3,059 x 3,059 dense (71.4 MB)
10:28:16 distributed.result_factorization DEBUG: Tile (3, 5, 1) factor_and_compute_schur:
  G_ii: 340,392 x 340,392, nnz=1,593,386 (density 0.00138%), 21.0 MB
  G_pp: 2,913 x 2,913, nnz=3,271
  G_pi: 2,913 x 340,392, nnz=5,390  |  G_ip: 340,392 x 2,913, nnz=5,390
  Block system memory: 21.0 MB
  factor_interior: 243.629s  |  backend: cholmod(partial, mode=simplicial, ordering=amd, natural, idx=32-bit)
  compute_schur: 244.700s  |  Schur: 2,913 x 2,913 dense (64.7 MB)
10:28:16 distributed.result_factorization DEBUG: Tile (4, 0, 0) factor_and_compute_schur:
  G_ii: 264,684 x 264,684, nnz=1,232,522 (density 0.00176%), 16.2 MB
  G_pp: 1,960 x 1,960, nnz=3,004
  G_pi: 1,960 x 264,684, nnz=1,849  |  G_ip: 264,684 x 1,960, nnz=1,849
  Block system memory: 16.2 MB
  factor_interior: 212.950s  |  backend: cholmod(partial, mode=simplicial, ordering=amd, natural, idx=32-bit)
  compute_schur: 215.241s  |  Schur: 1,960 x 1,960 dense (29.3 MB)
10:28:16 distributed.result_factorization DEBUG: Tile (4, 0, 1) factor_and_compute_schur:
  G_ii: 261,364 x 261,364, nnz=1,216,938 (density 0.00178%), 16.1 MB
  G_pp: 2,802 x 2,802, nnz=2,862
  G_pi: 2,802 x 261,364, nnz=4,055  |  G_ip: 261,364 x 2,802, nnz=4,055
  Block system memory: 16.1 MB
  factor_interior: 192.750s  |  backend: cholmod(partial, mode=simplicial, ordering=amd, natural, idx=32-bit)
  compute_schur: 195.238s  |  Schur: 2,802 x 2,802 dense (59.9 MB)
10:28:16 distributed.result_factorization DEBUG: Tile (4, 1, 0) factor_and_compute_schur:
  G_ii: 259,553 x 259,553, nnz=1,218,761 (density 0.00181%), 16.1 MB
  G_pp: 3,641 x 3,641, nnz=4,849
  G_pi: 3,641 x 259,553, nnz=5,570  |  G_ip: 259,553 x 3,641, nnz=5,570
  Block system memory: 16.1 MB
  factor_interior: 231.207s  |  backend: cholmod(partial, mode=simplicial, ordering=amd, natural, idx=32-bit)
  compute_schur: 233.110s  |  Schur: 3,641 x 3,641 dense (101.1 MB)
10:28:16 distributed.result_factorization DEBUG: Tile (4, 1, 1) factor_and_compute_schur:
  G_ii: 260,528 x 260,528, nnz=1,216,360 (density 0.00179%), 16.1 MB
  G_pp: 3,274 x 3,274, nnz=3,904
  G_pi: 3,274 x 260,528, nnz=5,735  |  G_ip: 260,528 x 3,274, nnz=5,735
  Block system memory: 16.1 MB
  factor_interior: 249.454s  |  backend: cholmod(partial, mode=simplicial, ordering=amd, natural, idx=32-bit)
  compute_schur: 251.179s  |  Schur: 3,274 x 3,274 dense (81.8 MB)
10:28:16 distributed.result_factorization DEBUG: Tile (4, 1, 2) factor_and_compute_schur:
  G_ii: 255,771 x 255,771, nnz=1,230,679 (density 0.00188%), 16.2 MB
  G_pp: 3,658 x 3,658, nnz=6,058
  G_pi: 3,658 x 255,771, nnz=4,635  |  G_ip: 255,771 x 3,658, nnz=4,635
  Block system memory: 16.2 MB
  factor_interior: 256.867s  |  backend: cholmod(partial, mode=simplicial, ordering=amd, natural, idx=32-bit)
  compute_schur: 258.552s  |  Schur: 3,658 x 3,658 dense (102.1 MB)
10:28:16 distributed.result_factorization DEBUG: Tile (4, 1, 3) factor_and_compute_schur:
  G_ii: 254,883 x 254,883, nnz=1,224,757 (density 0.00189%), 16.1 MB
  G_pp: 2,296 x 2,296, nnz=2,730
  G_pi: 2,296 x 254,883, nnz=4,562  |  G_ip: 254,883 x 2,296, nnz=4,562
  Block system memory: 16.1 MB
  factor_interior: 240.135s  |  backend: cholmod(partial, mode=simplicial, ordering=amd, natural, idx=32-bit)
  compute_schur: 241.214s  |  Schur: 2,296 x 2,296 dense (40.2 MB)
10:28:16 distributed.result_factorization DEBUG: Tile (4, 2, 0) factor_and_compute_schur:
  G_ii: 302,864 x 302,864, nnz=1,431,254 (density 0.00156%), 18.9 MB
  G_pp: 4,148 x 4,148, nnz=5,898
  G_pi: 4,148 x 302,864, nnz=5,413  |  G_ip: 302,864 x 4,148, nnz=5,413
  Block system memory: 18.9 MB
  factor_interior: 251.504s  |  backend: cholmod(partial, mode=simplicial, ordering=amd, natural, idx=32-bit)
  compute_schur: 253.663s  |  Schur: 4,148 x 4,148 dense (131.3 MB)
10:28:16 distributed.result_factorization DEBUG: Tile (4, 2, 1) factor_and_compute_schur:
  G_ii: 298,773 x 298,773, nnz=1,426,359 (density 0.00160%), 18.8 MB
  G_pp: 3,032 x 3,032, nnz=3,566
  G_pi: 3,032 x 298,773, nnz=5,857  |  G_ip: 298,773 x 3,032, nnz=5,857
  Block system memory: 18.8 MB
  factor_interior: 208.347s  |  backend: cholmod(partial, mode=simplicial, ordering=amd, natural, idx=32-bit)
  compute_schur: 210.430s  |  Schur: 3,032 x 3,032 dense (70.1 MB)
10:28:16 distributed.result_factorization DEBUG: Tile (4, 2, 2) factor_and_compute_schur:
  G_ii: 297,923 x 297,923, nnz=1,427,947 (density 0.00161%), 18.8 MB
  G_pp: 3,054 x 3,054, nnz=3,350
  G_pi: 3,054 x 297,923, nnz=5,073  |  G_ip: 297,923 x 3,054, nnz=5,073
  Block system memory: 18.8 MB
  factor_interior: 228.783s  |  backend: cholmod(partial, mode=simplicial, ordering=amd, natural, idx=32-bit)
  compute_schur: 230.399s  |  Schur: 3,054 x 3,054 dense (71.2 MB)
10:28:16 distributed.result_factorization DEBUG: Tile (4, 2, 3) factor_and_compute_schur:
  G_ii: 299,031 x 299,031, nnz=1,431,387 (density 0.00160%), 18.8 MB
  G_pp: 2,553 x 2,553, nnz=3,409
  G_pi: 2,553 x 299,031, nnz=4,511  |  G_ip: 299,031 x 2,553, nnz=4,511
  Block system memory: 18.8 MB
  factor_interior: 163.002s  |  backend: cholmod(partial, mode=simplicial, ordering=amd, natural, idx=32-bit)
  compute_schur: 164.910s  |  Schur: 2,553 x 2,553 dense (49.7 MB)
10:28:16 distributed.result_factorization DEBUG: Tile (4, 3, 0) factor_and_compute_schur:
  G_ii: 323,264 x 323,264, nnz=1,515,706 (density 0.00145%), 20.1 MB
  G_pp: 4,737 x 4,737, nnz=5,645
  G_pi: 4,737 x 323,264, nnz=7,092  |  G_ip: 323,264 x 4,737, nnz=7,092
  Block system memory: 20.1 MB
  factor_interior: 311.824s  |  backend: cholmod(partial, mode=simplicial, ordering=amd, natural, idx=32-bit)
  compute_schur: 314.669s  |  Schur: 4,737 x 4,737 dense (171.2 MB)
10:28:16 distributed.result_factorization DEBUG: Tile (4, 3, 1) factor_and_compute_schur:
  G_ii: 323,087 x 323,087, nnz=1,506,705 (density 0.00144%), 20.0 MB
  G_pp: 4,571 x 4,571, nnz=6,527
  G_pi: 4,571 x 323,087, nnz=7,271  |  G_ip: 323,087 x 4,571, nnz=7,271
  Block system memory: 20.0 MB
  factor_interior: 292.437s  |  backend: cholmod(partial, mode=simplicial, ordering=amd, natural, idx=32-bit)
  compute_schur: 295.302s  |  Schur: 4,571 x 4,571 dense (159.4 MB)
10:28:16 distributed.result_factorization DEBUG: Tile (4, 4, 0) factor_and_compute_schur:
  G_ii: 366,864 x 366,864, nnz=1,726,686 (density 0.00128%), 22.9 MB
  G_pp: 7,185 x 7,185, nnz=8,997
  G_pi: 7,185 x 366,864, nnz=8,240  |  G_ip: 366,864 x 7,185, nnz=8,240
  Block system memory: 22.9 MB
  factor_interior: 378.791s  |  backend: cholmod(partial, mode=simplicial, ordering=amd, natural, idx=32-bit)
  compute_schur: 387.870s  |  Schur: 7,185 x 7,185 dense (393.9 MB)
10:28:16 distributed.result_factorization DEBUG: Tile (4, 4, 1) factor_and_compute_schur:
  G_ii: 363,274 x 363,274, nnz=1,703,982 (density 0.00129%), 22.6 MB
  G_pp: 5,743 x 5,743, nnz=8,685
  G_pi: 5,743 x 363,274, nnz=8,189  |  G_ip: 363,274 x 5,743, nnz=8,189
  Block system memory: 22.6 MB
  factor_interior: 275.787s  |  backend: cholmod(partial, mode=simplicial, ordering=amd, natural, idx=32-bit)
  compute_schur: 282.261s  |  Schur: 5,743 x 5,743 dense (251.6 MB)
10:28:16 distributed.result_factorization DEBUG: Tile (4, 5, 0) factor_and_compute_schur:
  G_ii: 375,352 x 375,352, nnz=1,767,462 (density 0.00125%), 23.4 MB
  G_pp: 5,759 x 5,759, nnz=6,619
  G_pi: 5,759 x 375,352, nnz=8,336  |  G_ip: 375,352 x 5,759, nnz=8,336
  Block system memory: 23.4 MB
  factor_interior: 395.019s  |  backend: cholmod(partial, mode=simplicial, ordering=amd, natural, idx=32-bit)
  compute_schur: 399.768s  |  Schur: 5,759 x 5,759 dense (253.0 MB)
10:28:16 distributed.result_factorization DEBUG: Tile (4, 5, 1) factor_and_compute_schur:
  G_ii: 372,959 x 372,959, nnz=1,754,133 (density 0.00126%), 23.2 MB
  G_pp: 4,658 x 4,658, nnz=9,630
  G_pi: 4,658 x 372,959, nnz=3,905  |  G_ip: 372,959 x 4,658, nnz=3,905
  Block system memory: 23.2 MB
  factor_interior: 270.784s  |  backend: cholmod(partial, mode=simplicial, ordering=amd, natural, idx=32-bit)
  compute_schur: 273.917s  |  Schur: 4,658 x 4,658 dense (165.5 MB)
10:28:16 distributed.result_factorization DEBUG: Tile (5, 0, 0) factor_and_compute_schur:
  G_ii: 270,132 x 270,132, nnz=1,257,004 (density 0.00172%), 16.7 MB
  G_pp: 3,210 x 3,210, nnz=4,264
  G_pi: 3,210 x 270,132, nnz=6,159  |  G_ip: 270,132 x 3,210, nnz=6,159
  Block system memory: 16.7 MB
  factor_interior: 229.562s  |  backend: cholmod(partial, mode=simplicial, ordering=amd, natural, idx=32-bit)
  compute_schur: 231.766s  |  Schur: 3,210 x 3,210 dense (78.6 MB)
10:28:16 distributed.result_factorization DEBUG: Tile (5, 0, 1) factor_and_compute_schur:
  G_ii: 271,451 x 271,451, nnz=1,261,033 (density 0.00171%), 16.6 MB
  G_pp: 1,438 x 1,438, nnz=1,490
  G_pi: 1,438 x 271,451, nnz=2,549  |  G_ip: 271,451 x 1,438, nnz=2,549
  Block system memory: 16.6 MB
  factor_interior: 182.518s  |  backend: cholmod(partial, mode=simplicial, ordering=amd, natural, idx=32-bit)
  compute_schur: 183.880s  |  Schur: 1,438 x 1,438 dense (15.8 MB)
10:28:16 distributed.result_factorization DEBUG: Tile (5, 1, 0) factor_and_compute_schur:
  G_ii: 256,459 x 256,459, nnz=1,231,603 (density 0.00187%), 16.3 MB
  G_pp: 4,392 x 4,392, nnz=5,474
  G_pi: 4,392 x 256,459, nnz=6,347  |  G_ip: 256,459 x 4,392, nnz=6,347
  Block system memory: 16.3 MB
  factor_interior: 316.633s  |  backend: cholmod(partial, mode=simplicial, ordering=amd, natural, idx=32-bit)
  compute_schur: 318.878s  |  Schur: 4,392 x 4,392 dense (147.2 MB)
10:28:16 distributed.result_factorization DEBUG: Tile (5, 1, 1) factor_and_compute_schur:
  G_ii: 256,082 x 256,082, nnz=1,226,122 (density 0.00187%), 16.2 MB
  G_pp: 2,753 x 2,753, nnz=3,137
  G_pi: 2,753 x 256,082, nnz=5,446  |  G_ip: 256,082 x 2,753, nnz=5,446
  Block system memory: 16.2 MB
  factor_interior: 250.362s  |  backend: cholmod(partial, mode=simplicial, ordering=amd, natural, idx=32-bit)
  compute_schur: 251.631s  |  Schur: 2,753 x 2,753 dense (57.8 MB)
10:28:16 distributed.result_factorization DEBUG: Tile (5, 1, 2) factor_and_compute_schur:
  G_ii: 257,021 x 257,021, nnz=1,203,437 (density 0.00182%), 16.0 MB
  G_pp: 4,092 x 4,092, nnz=5,892
  G_pi: 4,092 x 257,021, nnz=6,586  |  G_ip: 257,021 x 4,092, nnz=6,586
  Block system memory: 16.0 MB
  factor_interior: 168.670s  |  backend: cholmod(partial, mode=simplicial, ordering=amd, natural, idx=32-bit)
  compute_schur: 174.729s  |  Schur: 4,092 x 4,092 dense (127.8 MB)
10:28:16 distributed.result_factorization DEBUG: Tile (5, 1, 3) factor_and_compute_schur:
  G_ii: 257,880 x 257,880, nnz=1,201,716 (density 0.00181%), 15.9 MB
  G_pp: 3,339 x 3,339, nnz=4,483
  G_pi: 3,339 x 257,880, nnz=6,130  |  G_ip: 257,880 x 3,339, nnz=6,130
  Block system memory: 15.9 MB
  factor_interior: 195.475s  |  backend: cholmod(partial, mode=simplicial, ordering=amd, natural, idx=32-bit)
  compute_schur: 197.526s  |  Schur: 3,339 x 3,339 dense (85.1 MB)
10:28:16 distributed.result_factorization DEBUG: Tile (5, 2, 0) factor_and_compute_schur:
  G_ii: 362,318 x 362,318, nnz=1,722,420 (density 0.00131%), 22.8 MB
  G_pp: 5,883 x 5,883, nnz=7,625
  G_pi: 5,883 x 362,318, nnz=8,344  |  G_ip: 362,318 x 5,883, nnz=8,344
  Block system memory: 22.8 MB
  factor_interior: 292.968s  |  backend: cholmod(partial, mode=simplicial, ordering=amd, natural, idx=32-bit)
  compute_schur: 297.958s  |  Schur: 5,883 x 5,883 dense (264.1 MB)
10:28:16 distributed.result_factorization DEBUG: Tile (5, 2, 1) factor_and_compute_schur:
  G_ii: 367,250 x 367,250, nnz=1,700,890 (density 0.00126%), 22.6 MB
  G_pp: 5,196 x 5,196, nnz=8,072
  G_pi: 5,196 x 367,250, nnz=7,303  |  G_ip: 367,250 x 5,196, nnz=7,303
  Block system memory: 22.6 MB
  factor_interior: 276.326s  |  backend: cholmod(partial, mode=simplicial, ordering=amd, natural, idx=32-bit)
  compute_schur: 280.058s  |  Schur: 5,196 x 5,196 dense (206.0 MB)
10:28:16 distributed.result_factorization DEBUG: Tile (5, 3, 0) factor_and_compute_schur:
  G_ii: 289,358 x 289,358, nnz=1,352,526 (density 0.00162%), 17.9 MB
  G_pp: 3,110 x 3,110, nnz=4,014
  G_pi: 3,110 x 289,358, nnz=4,278  |  G_ip: 289,358 x 3,110, nnz=4,278
  Block system memory: 17.9 MB
  factor_interior: 222.878s  |  backend: cholmod(partial, mode=simplicial, ordering=amd, natural, idx=32-bit)
  compute_schur: 224.818s  |  Schur: 3,110 x 3,110 dense (73.8 MB)
10:28:16 distributed.result_factorization DEBUG: Tile (5, 3, 1) factor_and_compute_schur:
  G_ii: 291,625 x 291,625, nnz=1,347,043 (density 0.00158%), 17.8 MB
  G_pp: 2,432 x 2,432, nnz=2,452
  G_pi: 2,432 x 291,625, nnz=4,848  |  G_ip: 291,625 x 2,432, nnz=4,848
  Block system memory: 17.8 MB
  factor_interior: 278.784s  |  backend: cholmod(partial, mode=simplicial, ordering=amd, natural, idx=32-bit)
  compute_schur: 279.750s  |  Schur: 2,432 x 2,432 dense (45.1 MB)
10:28:16 distributed.result_factorization DEBUG: Tile (5, 4, 0) factor_and_compute_schur:
  G_ii: 296,152 x 296,152, nnz=1,387,560 (density 0.00158%), 18.3 MB
  G_pp: 3,438 x 3,438, nnz=5,206
  G_pi: 3,438 x 296,152, nnz=4,374  |  G_ip: 296,152 x 3,438, nnz=4,374
  Block system memory: 18.3 MB
  factor_interior: 203.889s  |  backend: cholmod(partial, mode=simplicial, ordering=amd, natural, idx=32-bit)
  compute_schur: 209.638s  |  Schur: 3,438 x 3,438 dense (90.2 MB)
10:28:16 distributed.result_factorization DEBUG: Tile (5, 4, 1) factor_and_compute_schur:
  G_ii: 301,816 x 301,816, nnz=1,395,020 (density 0.00153%), 18.4 MB
  G_pp: 2,487 x 2,487, nnz=2,509
  G_pi: 2,487 x 301,816, nnz=4,311  |  G_ip: 301,816 x 2,487, nnz=4,311
  Block system memory: 18.4 MB
  factor_interior: 293.475s  |  backend: cholmod(partial, mode=simplicial, ordering=amd, natural, idx=32-bit)
  compute_schur: 294.258s  |  Schur: 2,487 x 2,487 dense (47.2 MB)
10:28:16 distributed.result_factorization DEBUG: Tile (5, 5, 0) factor_and_compute_schur:
  G_ii: 298,800 x 298,800, nnz=1,401,462 (density 0.00157%), 18.5 MB
  G_pp: 2,656 x 2,656, nnz=3,532
  G_pi: 2,656 x 298,800, nnz=3,651  |  G_ip: 298,800 x 2,656, nnz=3,651
  Block system memory: 18.5 MB
  factor_interior: 219.697s  |  backend: cholmod(partial, mode=simplicial, ordering=amd, natural, idx=32-bit)
  compute_schur: 221.854s  |  Schur: 2,656 x 2,656 dense (53.8 MB)
10:28:16 distributed.result_factorization DEBUG: Tile (5, 5, 1) factor_and_compute_schur:
  G_ii: 301,514 x 301,514, nnz=1,393,408 (density 0.00153%), 18.4 MB
  G_pp: 1,829 x 1,829, nnz=1,851
  G_pi: 1,829 x 301,514, nnz=4,023  |  G_ip: 301,514 x 1,829, nnz=4,023
  Block system memory: 18.4 MB
  factor_interior: 246.648s  |  backend: cholmod(partial, mode=simplicial, ordering=amd, natural, idx=32-bit)
  compute_schur: 248.090s  |  Schur: 1,829 x 1,829 dense (25.5 MB)
10:49:39 distributed.result_factorization INFO: === Distributed DDM Prepare Statistics ===
10:49:39 distributed.result_factorization INFO: Tiles: 107
10:49:39 distributed.result_factorization INFO:   Interior nodes:  197,977 / 285,540 / 376,298  (min/mean/max)
10:49:39 distributed.result_factorization INFO:   Port nodes:      1,268 / 3,589 / 7,185
10:49:39 distributed.result_factorization INFO:   G_ii nnz:        948,725 / 1.3M / 1.8M
10:49:39 distributed.result_factorization INFO:   G_ii memory:     12.5 MB / 17.8 MB / 23.7 MB  (total: 1.9 GB)
10:49:39 distributed.result_factorization INFO:   Schur memory:    12.3 MB / 111.3 MB / 393.9 MB  (total: 11.6 GB)
10:49:39 distributed.result_factorization INFO:   Factor time:     21.760s / 233.089s / 424.727s
10:49:39 distributed.result_factorization INFO:   Factor backend:  cholmod(partial, mode=simplicial, ordering=amd, natural, idx=32-bit)
10:49:39 distributed.result_factorization INFO:   Factor + Schur wall time: 433.400s
10:49:39 distributed.result_factorization INFO: Interface system: 190,867 unknowns, 1282.1M nnz (density 3.519%), 14.3 GB
10:49:39 distributed.result_factorization INFO:   Backend: cholmod(mode=supernodal, ordering=metis, idx=64-bit)
10:49:39 distributed.result_factorization INFO:   Factor time: 296.579s
10:49:39 distributed.result_factorization INFO:   Islands penalized: 0
10:49:39 distributed.result_factorization INFO:   Assemble time: 86.790s
10:49:39 distributed.result_factorization INFO:   Detect islands time: 899.893s
10:49:39 distributed.result_factorization INFO: === Total Prepare: 1716.662s ===
10:57:06 distributed.result_factorization DEBUG: Tile (0, 0, 0) factor_transient_system:
  A_ii: nnz=1.3M  |  A_pp: nnz=2,878
  C_ii cap nodes: 273811 / 273813  |  C_pp cap nodes: 1018 / 1820
  Total tile cap: 77949.1 fF  |  C_coeff: 0.2000
  factor_interior: 170.338s  |  backend: cholmod(partial, mode=simplicial, ordering=amd, natural, idx=32-bit, symbolic_reuse=True)
  compute_schur: 172.718s  |  Schur: 1,820 x 1,820 dense (25.3 MB)
10:57:06 distributed.result_factorization DEBUG: Tile (0, 0, 1) factor_transient_system:
  A_ii: nnz=1.2M  |  A_pp: nnz=2,857
  C_ii cap nodes: 267652 / 267660  |  C_pp cap nodes: 2467 / 2805
  Total tile cap: 172587.3 fF  |  C_coeff: 0.2000
  factor_interior: 247.187s  |  backend: cholmod(partial, mode=simplicial, ordering=amd, natural, idx=32-bit, symbolic_reuse=True)
  compute_schur: 248.379s  |  Schur: 2,805 x 2,805 dense (60.0 MB)
10:57:06 distributed.result_factorization DEBUG: Tile (0, 1, 0) factor_transient_system:
  A_ii: nnz=1.2M  |  A_pp: nnz=5,230
  C_ii cap nodes: 259471 / 259516  |  C_pp cap nodes: 1212 / 4156
  Total tile cap: 275983.7 fF  |  C_coeff: 0.2000
  factor_interior: 290.348s  |  backend: cholmod(partial, mode=simplicial, ordering=amd, natural, idx=32-bit, symbolic_reuse=True)
  compute_schur: 292.378s  |  Schur: 4,156 x 4,156 dense (131.8 MB)
10:57:06 distributed.result_factorization DEBUG: Tile (0, 1, 1) factor_transient_system:
  A_ii: nnz=1.2M  |  A_pp: nnz=4,979
  C_ii cap nodes: 260009 / 260018  |  C_pp cap nodes: 2426 / 3637
  Total tile cap: 199824.4 fF  |  C_coeff: 0.2000
  factor_interior: 269.711s  |  backend: cholmod(partial, mode=simplicial, ordering=amd, natural, idx=32-bit, symbolic_reuse=True)
  compute_schur: 271.672s  |  Schur: 3,637 x 3,637 dense (100.9 MB)
10:57:06 distributed.result_factorization DEBUG: Tile (0, 1, 2) factor_transient_system:
  A_ii: nnz=1.2M  |  A_pp: nnz=5,807
  C_ii cap nodes: 254343 / 254367  |  C_pp cap nodes: 3226 / 3995
  Total tile cap: 481665.5 fF  |  C_coeff: 0.2000
  factor_interior: 270.412s  |  backend: cholmod(partial, mode=simplicial, ordering=amd, natural, idx=32-bit, symbolic_reuse=True)
  compute_schur: 272.217s  |  Schur: 3,995 x 3,995 dense (121.8 MB)
10:57:06 distributed.result_factorization DEBUG: Tile (0, 1, 3) factor_transient_system:
  A_ii: nnz=1.2M  |  A_pp: nnz=2,996
  C_ii cap nodes: 253773 / 253798  |  C_pp cap nodes: 2456 / 2672
  Total tile cap: 466075.7 fF  |  C_coeff: 0.2000
  factor_interior: 225.398s  |  backend: cholmod(partial, mode=simplicial, ordering=amd, natural, idx=32-bit, symbolic_reuse=True)
  compute_schur: 226.971s  |  Schur: 2,672 x 2,672 dense (54.5 MB)
10:57:06 distributed.result_factorization DEBUG: Tile (0, 2, 0) factor_transient_system:
  A_ii: nnz=1.7M  |  A_pp: nnz=8,795
  C_ii cap nodes: 370849 / 370853  |  C_pp cap nodes: 2688 / 7053
  Total tile cap: 95667.9 fF  |  C_coeff: 0.2000
  factor_interior: 436.801s  |  backend: cholmod(partial, mode=simplicial, ordering=amd, natural, idx=32-bit, symbolic_reuse=True)
  compute_schur: 445.165s  |  Schur: 7,053 x 7,053 dense (379.5 MB)
10:57:06 distributed.result_factorization DEBUG: Tile (0, 2, 1) factor_transient_system:
  A_ii: nnz=1.7M  |  A_pp: nnz=9,348
  C_ii cap nodes: 356251 / 356279  |  C_pp cap nodes: 6106 / 6430
  Total tile cap: 377405.2 fF  |  C_coeff: 0.2000
  factor_interior: 221.263s  |  backend: cholmod(partial, mode=simplicial, ordering=amd, natural, idx=32-bit, symbolic_reuse=True)
  compute_schur: 236.103s  |  Schur: 6,430 x 6,430 dense (315.4 MB)
10:57:06 distributed.result_factorization DEBUG: Tile (0, 3, 0) factor_transient_system:
  A_ii: nnz=1.4M  |  A_pp: nnz=3,606
  C_ii cap nodes: 292589 / 292589  |  C_pp cap nodes: 1965 / 2716
  Total tile cap: 46472.7 fF  |  C_coeff: 0.2000
  factor_interior: 280.212s  |  backend: cholmod(partial, mode=simplicial, ordering=amd, natural, idx=32-bit, symbolic_reuse=True)
  compute_schur: 281.335s  |  Schur: 2,716 x 2,716 dense (56.3 MB)
10:57:06 distributed.result_factorization DEBUG: Tile (0, 3, 1) factor_transient_system:
  A_ii: nnz=1.3M  |  A_pp: nnz=2,735
  C_ii cap nodes: 286307 / 286310  |  C_pp cap nodes: 2449 / 2721
  Total tile cap: 124904.9 fF  |  C_coeff: 0.2000
  factor_interior: 218.791s  |  backend: cholmod(partial, mode=simplicial, ordering=amd, natural, idx=32-bit, symbolic_reuse=True)
  compute_schur: 221.444s  |  Schur: 2,721 x 2,721 dense (56.5 MB)
10:57:06 distributed.result_factorization DEBUG: Tile (0, 4, 0) factor_transient_system:
  A_ii: nnz=1.5M  |  A_pp: nnz=4,545
  C_ii cap nodes: 314639 / 314639  |  C_pp cap nodes: 2182 / 2931
  Total tile cap: 48676.5 fF  |  C_coeff: 0.2000
  factor_interior: 290.600s  |  backend: cholmod(partial, mode=simplicial, ordering=amd, natural, idx=32-bit, symbolic_reuse=True)
  compute_schur: 291.648s  |  Schur: 2,931 x 2,931 dense (65.5 MB)
10:57:06 distributed.result_factorization DEBUG: Tile (0, 4, 1) factor_transient_system:
  A_ii: nnz=1.4M  |  A_pp: nnz=2,304
  C_ii cap nodes: 303457 / 303472  |  C_pp cap nodes: 1931 / 2290
  Total tile cap: 191490.8 fF  |  C_coeff: 0.2000
  factor_interior: 183.338s  |  backend: cholmod(partial, mode=simplicial, ordering=amd, natural, idx=32-bit, symbolic_reuse=True)
  compute_schur: 185.733s  |  Schur: 2,290 x 2,290 dense (40.0 MB)
10:57:06 distributed.result_factorization DEBUG: Tile (0, 5, 0) factor_transient_system:
  A_ii: nnz=1.2M  |  A_pp: nnz=2,588
  C_ii cap nodes: 256459 / 256459  |  C_pp cap nodes: 1138 / 1886
  Total tile cap: 40920.2 fF  |  C_coeff: 0.2000
  factor_interior: 190.259s  |  backend: cholmod(partial, mode=simplicial, ordering=amd, natural, idx=32-bit, symbolic_reuse=True)
  compute_schur: 191.479s  |  Schur: 1,886 x 1,886 dense (27.1 MB)
10:57:06 distributed.result_factorization DEBUG: Tile (0, 5, 1) factor_transient_system:
  A_ii: nnz=1.2M  |  A_pp: nnz=1,286
  C_ii cap nodes: 249863 / 249863  |  C_pp cap nodes: 1085 / 1268
  Total tile cap: 127132.4 fF  |  C_coeff: 0.2000
  factor_interior: 96.693s  |  backend: cholmod(partial, mode=simplicial, ordering=amd, natural, idx=32-bit, symbolic_reuse=True)
  compute_schur: 97.317s  |  Schur: 1,268 x 1,268 dense (12.3 MB)
10:57:06 distributed.result_factorization DEBUG: Tile (1, 0, 0) factor_transient_system:
  A_ii: nnz=1.2M  |  A_pp: nnz=4,251
  C_ii cap nodes: 263881 / 263881  |  C_pp cap nodes: 2407 / 3209
  Total tile cap: 167760.7 fF  |  C_coeff: 0.2000
  factor_interior: 212.692s  |  backend: cholmod(partial, mode=simplicial, ordering=amd, natural, idx=32-bit, symbolic_reuse=True)
  compute_schur: 215.274s  |  Schur: 3,209 x 3,209 dense (78.6 MB)
10:57:06 distributed.result_factorization DEBUG: Tile (1, 0, 1) factor_transient_system:
  A_ii: nnz=1.2M  |  A_pp: nnz=1,636
  C_ii cap nodes: 262784 / 262788  |  C_pp cap nodes: 1226 / 1584
  Total tile cap: 76752.5 fF  |  C_coeff: 0.2000
  factor_interior: 204.439s  |  backend: cholmod(partial, mode=simplicial, ordering=amd, natural, idx=32-bit, symbolic_reuse=True)
  compute_schur: 205.435s  |  Schur: 1,584 x 1,584 dense (19.1 MB)
10:57:06 distributed.result_factorization DEBUG: Tile (1, 1, 0) factor_transient_system:
  A_ii: nnz=1.2M  |  A_pp: nnz=5,926
  C_ii cap nodes: 256909 / 256910  |  C_pp cap nodes: 1835 / 4710
  Total tile cap: 485274.5 fF  |  C_coeff: 0.2000
  factor_interior: 308.102s  |  backend: cholmod(partial, mode=simplicial, ordering=amd, natural, idx=32-bit, symbolic_reuse=True)
  compute_schur: 310.784s  |  Schur: 4,710 x 4,710 dense (169.3 MB)
10:57:06 distributed.result_factorization DEBUG: Tile (1, 1, 1) factor_transient_system:
  A_ii: nnz=1.2M  |  A_pp: nnz=3,467
  C_ii cap nodes: 256114 / 256115  |  C_pp cap nodes: 1880 / 2823
  Total tile cap: 482320.8 fF  |  C_coeff: 0.2000
  factor_interior: 231.358s  |  backend: cholmod(partial, mode=simplicial, ordering=amd, natural, idx=32-bit, symbolic_reuse=True)
  compute_schur: 232.803s  |  Schur: 2,823 x 2,823 dense (60.8 MB)
10:57:06 distributed.result_factorization DEBUG: Tile (1, 1, 2) factor_transient_system:
  A_ii: nnz=1.2M  |  A_pp: nnz=5,785
  C_ii cap nodes: 258016 / 258103  |  C_pp cap nodes: 2658 / 4113
  Total tile cap: 284036.0 fF  |  C_coeff: 0.2000
  factor_interior: 140.564s  |  backend: cholmod(partial, mode=simplicial, ordering=amd, natural, idx=32-bit, symbolic_reuse=True)
  compute_schur: 148.475s  |  Schur: 4,113 x 4,113 dense (129.1 MB)
10:57:06 distributed.result_factorization DEBUG: Tile (1, 1, 3) factor_transient_system:
  A_ii: nnz=1.2M  |  A_pp: nnz=4,163
  C_ii cap nodes: 258810 / 258931  |  C_pp cap nodes: 3177 / 3411
  Total tile cap: 203539.7 fF  |  C_coeff: 0.2000
  factor_interior: 245.481s  |  backend: cholmod(partial, mode=simplicial, ordering=amd, natural, idx=32-bit, symbolic_reuse=True)
  compute_schur: 248.366s  |  Schur: 3,411 x 3,411 dense (88.8 MB)
10:57:06 distributed.result_factorization DEBUG: Tile (1, 2, 0) factor_transient_system:
  A_ii: nnz=1.4M  |  A_pp: nnz=5,773
  C_ii cap nodes: 298326 / 298329  |  C_pp cap nodes: 2637 / 4011
  Total tile cap: 471944.1 fF  |  C_coeff: 0.2000
  factor_interior: 247.899s  |  backend: cholmod(partial, mode=simplicial, ordering=amd, natural, idx=32-bit, symbolic_reuse=True)
  compute_schur: 250.722s  |  Schur: 4,011 x 4,011 dense (122.7 MB)
10:57:06 distributed.result_factorization DEBUG: Tile (1, 2, 1) factor_transient_system:
  A_ii: nnz=1.4M  |  A_pp: nnz=4,277
  C_ii cap nodes: 298578 / 298581  |  C_pp cap nodes: 1761 / 3427
  Total tile cap: 288207.0 fF  |  C_coeff: 0.2000
  factor_interior: 255.631s  |  backend: cholmod(partial, mode=simplicial, ordering=amd, natural, idx=32-bit, symbolic_reuse=True)
  compute_schur: 257.381s  |  Schur: 3,427 x 3,427 dense (89.6 MB)
10:57:06 distributed.result_factorization DEBUG: Tile (1, 2, 2) factor_transient_system:
  A_ii: nnz=1.4M  |  A_pp: nnz=5,270
  C_ii cap nodes: 301308 / 301438  |  C_pp cap nodes: 2332 / 4358
  Total tile cap: 189484.4 fF  |  C_coeff: 0.2000
  factor_interior: 246.391s  |  backend: cholmod(partial, mode=simplicial, ordering=amd, natural, idx=32-bit, symbolic_reuse=True)
  compute_schur: 249.933s  |  Schur: 4,358 x 4,358 dense (144.9 MB)
10:57:06 distributed.result_factorization DEBUG: Tile (1, 2, 3) factor_transient_system:
  A_ii: nnz=1.4M  |  A_pp: nnz=4,874
  C_ii cap nodes: 297374 / 297410  |  C_pp cap nodes: 3495 / 4070
  Total tile cap: 246657.1 fF  |  C_coeff: 0.2000
  factor_interior: 216.418s  |  backend: cholmod(partial, mode=simplicial, ordering=amd, natural, idx=32-bit, symbolic_reuse=True)
  compute_schur: 220.269s  |  Schur: 4,070 x 4,070 dense (126.4 MB)
10:57:06 distributed.result_factorization DEBUG: Tile (1, 3, 0) factor_transient_system:
  A_ii: nnz=1.5M  |  A_pp: nnz=7,918
  C_ii cap nodes: 326557 / 326557  |  C_pp cap nodes: 2490 / 7000
  Total tile cap: 112843.7 fF  |  C_coeff: 0.2000
  factor_interior: 319.869s  |  backend: cholmod(partial, mode=simplicial, ordering=amd, natural, idx=32-bit, symbolic_reuse=True)
  compute_schur: 330.505s  |  Schur: 7,000 x 7,000 dense (373.8 MB)
10:57:06 distributed.result_factorization DEBUG: Tile (1, 3, 1) factor_transient_system:
  A_ii: nnz=1.5M  |  A_pp: nnz=7,443
  C_ii cap nodes: 317387 / 317395  |  C_pp cap nodes: 6301 / 6619
  Total tile cap: 175964.7 fF  |  C_coeff: 0.2000
  factor_interior: 294.174s  |  backend: cholmod(partial, mode=simplicial, ordering=amd, natural, idx=32-bit, symbolic_reuse=True)
  compute_schur: 302.924s  |  Schur: 6,619 x 6,619 dense (334.3 MB)
10:57:06 distributed.result_factorization DEBUG: Tile (1, 4, 0) factor_transient_system:
  A_ii: nnz=965,255  |  A_pp: nnz=4,249
  C_ii cap nodes: 206833 / 206833  |  C_pp cap nodes: 1514 / 3305
  Total tile cap: 77758.4 fF  |  C_coeff: 0.2000
  factor_interior: 140.572s  |  backend: cholmod(partial, mode=simplicial, ordering=amd, natural, idx=32-bit, symbolic_reuse=True)
  compute_schur: 144.089s  |  Schur: 3,305 x 3,305 dense (83.3 MB)
10:57:06 distributed.result_factorization DEBUG: Tile (1, 4, 1) factor_transient_system:
  A_ii: nnz=964,289  |  A_pp: nnz=1,914
  C_ii cap nodes: 201905 / 201907  |  C_pp cap nodes: 968 / 1432
  Total tile cap: 146751.2 fF  |  C_coeff: 0.2000
  factor_interior: 92.845s  |  backend: cholmod(partial, mode=simplicial, ordering=amd, natural, idx=32-bit, symbolic_reuse=True)
  compute_schur: 93.657s  |  Schur: 1,432 x 1,432 dense (15.6 MB)
10:57:06 distributed.result_factorization DEBUG: Tile (1, 4, 2) factor_transient_system:
  A_ii: nnz=956,811  |  A_pp: nnz=3,930
  C_ii cap nodes: 203491 / 203499  |  C_pp cap nodes: 2148 / 3116
  Total tile cap: 118412.9 fF  |  C_coeff: 0.2000
  factor_interior: 154.332s  |  backend: cholmod(partial, mode=simplicial, ordering=amd, natural, idx=32-bit, symbolic_reuse=True)
  compute_schur: 157.150s  |  Schur: 3,116 x 3,116 dense (74.1 MB)
10:57:06 distributed.result_factorization DEBUG: Tile (1, 4, 3) factor_transient_system:
  A_ii: nnz=956,328  |  A_pp: nnz=2,453
  C_ii cap nodes: 200361 / 200392  |  C_pp cap nodes: 1624 / 1699
  Total tile cap: 151953.9 fF  |  C_coeff: 0.2000
  factor_interior: 81.880s  |  backend: cholmod(partial, mode=simplicial, ordering=amd, natural, idx=32-bit, symbolic_reuse=True)
  compute_schur: 82.813s  |  Schur: 1,699 x 1,699 dense (22.0 MB)
10:57:06 distributed.result_factorization DEBUG: Tile (1, 5) factor_transient_system:
  A_ii: nnz=953,835  |  A_pp: nnz=1,410
  C_ii cap nodes: 201199 / 201199  |  C_pp cap nodes: 1330 / 1330
  Total tile cap: 122196.1 fF  |  C_coeff: 0.2000
  factor_interior: 20.225s  |  backend: cholmod(partial, mode=simplicial, ordering=amd, natural, idx=32-bit, symbolic_reuse=True)
  compute_schur: 20.670s  |  Schur: 1,330 x 1,330 dense (13.5 MB)
10:57:06 distributed.result_factorization DEBUG: Tile (2, 0, 0) factor_transient_system:
  A_ii: nnz=1.2M  |  A_pp: nnz=3,012
  C_ii cap nodes: 264680 / 264684  |  C_pp cap nodes: 1162 / 1964
  Total tile cap: 77242.8 fF  |  C_coeff: 0.2000
  factor_interior: 196.883s  |  backend: cholmod(partial, mode=simplicial, ordering=amd, natural, idx=32-bit, symbolic_reuse=True)
  compute_schur: 197.725s  |  Schur: 1,964 x 1,964 dense (29.4 MB)
10:57:06 distributed.result_factorization DEBUG: Tile (2, 0, 1) factor_transient_system:
  A_ii: nnz=1.2M  |  A_pp: nnz=2,864
  C_ii cap nodes: 261372 / 261372  |  C_pp cap nodes: 2468 / 2804
  Total tile cap: 165254.3 fF  |  C_coeff: 0.2000
  factor_interior: 220.877s  |  backend: cholmod(partial, mode=simplicial, ordering=amd, natural, idx=32-bit, symbolic_reuse=True)
  compute_schur: 223.832s  |  Schur: 2,804 x 2,804 dense (60.0 MB)
10:57:06 distributed.result_factorization DEBUG: Tile (2, 1, 0) factor_transient_system:
  A_ii: nnz=1.2M  |  A_pp: nnz=4,857
  C_ii cap nodes: 259466 / 259553  |  C_pp cap nodes: 1340 / 3645
  Total tile cap: 281806.1 fF  |  C_coeff: 0.2000
  factor_interior: 244.245s  |  backend: cholmod(partial, mode=simplicial, ordering=amd, natural, idx=32-bit, symbolic_reuse=True)
  compute_schur: 245.968s  |  Schur: 3,645 x 3,645 dense (101.4 MB)
10:57:06 distributed.result_factorization DEBUG: Tile (2, 1, 1) factor_transient_system:
  A_ii: nnz=1.2M  |  A_pp: nnz=3,904
  C_ii cap nodes: 260407 / 260528  |  C_pp cap nodes: 2314 / 3274
  Total tile cap: 203443.9 fF  |  C_coeff: 0.2000
  factor_interior: 234.728s  |  backend: cholmod(partial, mode=simplicial, ordering=amd, natural, idx=32-bit, symbolic_reuse=True)
  compute_schur: 236.573s  |  Schur: 3,274 x 3,274 dense (81.8 MB)
10:57:06 distributed.result_factorization DEBUG: Tile (2, 1, 2) factor_transient_system:
  A_ii: nnz=1.2M  |  A_pp: nnz=6,059
  C_ii cap nodes: 255773 / 255774  |  C_pp cap nodes: 2887 / 3659
  Total tile cap: 488308.5 fF  |  C_coeff: 0.2000
  factor_interior: 269.634s  |  backend: cholmod(partial, mode=simplicial, ordering=amd, natural, idx=32-bit, symbolic_reuse=True)
  compute_schur: 271.350s  |  Schur: 3,659 x 3,659 dense (102.1 MB)
10:57:06 distributed.result_factorization DEBUG: Tile (2, 1, 3) factor_transient_system:
  A_ii: nnz=1.2M  |  A_pp: nnz=2,731
  C_ii cap nodes: 254886 / 254887  |  C_pp cap nodes: 2188 / 2297
  Total tile cap: 479201.6 fF  |  C_coeff: 0.2000
  factor_interior: 260.837s  |  backend: cholmod(partial, mode=simplicial, ordering=amd, natural, idx=32-bit, symbolic_reuse=True)
  compute_schur: 261.966s  |  Schur: 2,297 x 2,297 dense (40.3 MB)
10:57:06 distributed.result_factorization DEBUG: Tile (2, 2, 0) factor_transient_system:
  A_ii: nnz=1.6M  |  A_pp: nnz=7,946
  C_ii cap nodes: 343577 / 343728  |  C_pp cap nodes: 2930 / 5610
  Total tile cap: 200619.8 fF  |  C_coeff: 0.2000
  factor_interior: 298.396s  |  backend: cholmod(partial, mode=simplicial, ordering=amd, natural, idx=32-bit, symbolic_reuse=True)
  compute_schur: 302.699s  |  Schur: 5,610 x 5,610 dense (240.1 MB)
10:57:06 distributed.result_factorization DEBUG: Tile (2, 2, 1) factor_transient_system:
  A_ii: nnz=1.6M  |  A_pp: nnz=5,694
  C_ii cap nodes: 340249 / 340319  |  C_pp cap nodes: 2793 / 4866
  Total tile cap: 267522.6 fF  |  C_coeff: 0.2000
  factor_interior: 301.379s  |  backend: cholmod(partial, mode=simplicial, ordering=amd, natural, idx=32-bit, symbolic_reuse=True)
  compute_schur: 304.513s  |  Schur: 4,866 x 4,866 dense (180.6 MB)
10:57:06 distributed.result_factorization DEBUG: Tile (2, 2, 2) factor_transient_system:
  A_ii: nnz=1.6M  |  A_pp: nnz=5,806
  C_ii cap nodes: 335931 / 335935  |  C_pp cap nodes: 2807 / 4052
  Total tile cap: 552081.0 fF  |  C_coeff: 0.2000
  factor_interior: 221.799s  |  backend: cholmod(partial, mode=simplicial, ordering=amd, natural, idx=32-bit, symbolic_reuse=True)
  compute_schur: 225.881s  |  Schur: 4,052 x 4,052 dense (125.3 MB)
10:57:06 distributed.result_factorization DEBUG: Tile (2, 2, 3) factor_transient_system:
  A_ii: nnz=1.6M  |  A_pp: nnz=4,873
  C_ii cap nodes: 337738 / 337739  |  C_pp cap nodes: 3305 / 4099
  Total tile cap: 307474.1 fF  |  C_coeff: 0.2000
  factor_interior: 258.708s  |  backend: cholmod(partial, mode=simplicial, ordering=amd, natural, idx=32-bit, symbolic_reuse=True)
  compute_schur: 260.841s  |  Schur: 4,099 x 4,099 dense (128.2 MB)
10:57:06 distributed.result_factorization DEBUG: Tile (2, 3, 0) factor_transient_system:
  A_ii: nnz=970,638  |  A_pp: nnz=5,672
  C_ii cap nodes: 205070 / 205154  |  C_pp cap nodes: 2390 / 3888
  Total tile cap: 176289.9 fF  |  C_coeff: 0.2000
  factor_interior: 146.007s  |  backend: cholmod(partial, mode=simplicial, ordering=amd, natural, idx=32-bit, symbolic_reuse=True)
  compute_schur: 149.926s  |  Schur: 3,888 x 3,888 dense (115.3 MB)
10:57:06 distributed.result_factorization DEBUG: Tile (2, 3, 1) factor_transient_system:
  A_ii: nnz=974,140  |  A_pp: nnz=2,739
  C_ii cap nodes: 202828 / 202828  |  C_pp cap nodes: 992 / 2727
  Total tile cap: 230882.4 fF  |  C_coeff: 0.2000
  factor_interior: 160.345s  |  backend: cholmod(partial, mode=simplicial, ordering=amd, natural, idx=32-bit, symbolic_reuse=True)
  compute_schur: 162.612s  |  Schur: 2,727 x 2,727 dense (56.7 MB)
10:57:06 distributed.result_factorization DEBUG: Tile (2, 3, 2) factor_transient_system:
  A_ii: nnz=968,278  |  A_pp: nnz=6,650
  C_ii cap nodes: 205393 / 205472  |  C_pp cap nodes: 2746 / 5224
  Total tile cap: 169101.4 fF  |  C_coeff: 0.2000
  factor_interior: 279.974s  |  backend: cholmod(partial, mode=simplicial, ordering=amd, natural, idx=32-bit, symbolic_reuse=True)
  compute_schur: 283.825s  |  Schur: 5,224 x 5,224 dense (208.2 MB)
10:57:06 distributed.result_factorization DEBUG: Tile (2, 3, 3) factor_transient_system:
  A_ii: nnz=948,725  |  A_pp: nnz=6,405
  C_ii cap nodes: 197977 / 197977  |  C_pp cap nodes: 2919 / 4277
  Total tile cap: 353188.7 fF  |  C_coeff: 0.2000
  factor_interior: 170.356s  |  backend: cholmod(partial, mode=simplicial, ordering=amd, natural, idx=32-bit, symbolic_reuse=True)
  compute_schur: 180.899s  |  Schur: 4,277 x 4,277 dense (139.6 MB)
10:57:06 distributed.result_factorization DEBUG: Tile (2, 3, 4) factor_transient_system:
  A_ii: nnz=982,134  |  A_pp: nnz=3,881
  C_ii cap nodes: 204346 / 204346  |  C_pp cap nodes: 1774 / 2895
  Total tile cap: 147603.2 fF  |  C_coeff: 0.2000
  factor_interior: 172.952s  |  backend: cholmod(partial, mode=simplicial, ordering=amd, natural, idx=32-bit, symbolic_reuse=True)
  compute_schur: 176.948s  |  Schur: 2,895 x 2,895 dense (63.9 MB)
10:57:06 distributed.result_factorization DEBUG: Tile (2, 3, 5) factor_transient_system:
  A_ii: nnz=962,582  |  A_pp: nnz=2,779
  C_ii cap nodes: 200491 / 200492  |  C_pp cap nodes: 1546 / 2451
  Total tile cap: 389504.0 fF  |  C_coeff: 0.2000
  factor_interior: 137.770s  |  backend: cholmod(partial, mode=simplicial, ordering=amd, natural, idx=32-bit, symbolic_reuse=True)
  compute_schur: 139.437s  |  Schur: 2,451 x 2,451 dense (45.8 MB)
10:57:06 distributed.result_factorization DEBUG: Tile (2, 3, 6) factor_transient_system:
  A_ii: nnz=963,537  |  A_pp: nnz=2,922
  C_ii cap nodes: 200541 / 200541  |  C_pp cap nodes: 1460 / 2440
  Total tile cap: 514118.8 fF  |  C_coeff: 0.2000
  factor_interior: 113.390s  |  backend: cholmod(partial, mode=simplicial, ordering=amd, natural, idx=32-bit, symbolic_reuse=True)
  compute_schur: 114.565s  |  Schur: 2,440 x 2,440 dense (45.4 MB)
10:57:06 distributed.result_factorization DEBUG: Tile (2, 3, 7) factor_transient_system:
  A_ii: nnz=956,352  |  A_pp: nnz=3,293
  C_ii cap nodes: 199430 / 199430  |  C_pp cap nodes: 2355 / 2515
  Total tile cap: 445496.4 fF  |  C_coeff: 0.2000
  factor_interior: 124.496s  |  backend: cholmod(partial, mode=simplicial, ordering=amd, natural, idx=32-bit, symbolic_reuse=True)
  compute_schur: 125.797s  |  Schur: 2,515 x 2,515 dense (48.3 MB)
10:57:06 distributed.result_factorization DEBUG: Tile (2, 4, 0) factor_transient_system:
  A_ii: nnz=1.7M  |  A_pp: nnz=8,029
  C_ii cap nodes: 358053 / 358126  |  C_pp cap nodes: 2955 / 5973
  Total tile cap: 297345.1 fF  |  C_coeff: 0.2000
  factor_interior: 318.792s  |  backend: cholmod(partial, mode=simplicial, ordering=amd, natural, idx=32-bit, symbolic_reuse=True)
  compute_schur: 323.952s  |  Schur: 5,973 x 5,973 dense (272.2 MB)
10:57:06 distributed.result_factorization DEBUG: Tile (2, 4, 1) factor_transient_system:
  A_ii: nnz=1.7M  |  A_pp: nnz=5,155
  C_ii cap nodes: 359046 / 359116  |  C_pp cap nodes: 2451 / 4477
  Total tile cap: 223648.6 fF  |  C_coeff: 0.2000
  factor_interior: 323.161s  |  backend: cholmod(partial, mode=simplicial, ordering=amd, natural, idx=32-bit, symbolic_reuse=True)
  compute_schur: 325.561s  |  Schur: 4,477 x 4,477 dense (152.9 MB)
10:57:06 distributed.result_factorization DEBUG: Tile (2, 4, 2) factor_transient_system:
  A_ii: nnz=1.7M  |  A_pp: nnz=6,993
  C_ii cap nodes: 350278 / 350279  |  C_pp cap nodes: 3572 / 4853
  Total tile cap: 545945.6 fF  |  C_coeff: 0.2000
  factor_interior: 252.905s  |  backend: cholmod(partial, mode=simplicial, ordering=amd, natural, idx=32-bit, symbolic_reuse=True)
  compute_schur: 258.157s  |  Schur: 4,853 x 4,853 dense (179.7 MB)
10:57:06 distributed.result_factorization DEBUG: Tile (2, 4, 3) factor_transient_system:
  A_ii: nnz=1.7M  |  A_pp: nnz=4,502
  C_ii cap nodes: 349795 / 349802  |  C_pp cap nodes: 2999 / 3590
  Total tile cap: 491355.4 fF  |  C_coeff: 0.2000
  factor_interior: 269.939s  |  backend: cholmod(partial, mode=simplicial, ordering=amd, natural, idx=32-bit, symbolic_reuse=True)
  compute_schur: 271.732s  |  Schur: 3,590 x 3,590 dense (98.3 MB)
10:57:06 distributed.result_factorization DEBUG: Tile (2, 5, 0) factor_transient_system:
  A_ii: nnz=1.1M  |  A_pp: nnz=4,265
  C_ii cap nodes: 233160 / 233172  |  C_pp cap nodes: 1927 / 3353
  Total tile cap: 97662.6 fF  |  C_coeff: 0.2000
  factor_interior: 222.606s  |  backend: cholmod(partial, mode=simplicial, ordering=amd, natural, idx=32-bit, symbolic_reuse=True)
  compute_schur: 224.911s  |  Schur: 3,353 x 3,353 dense (85.8 MB)
10:57:06 distributed.result_factorization DEBUG: Tile (2, 5, 1) factor_transient_system:
  A_ii: nnz=1.1M  |  A_pp: nnz=2,985
  C_ii cap nodes: 231562 / 231580  |  C_pp cap nodes: 1797 / 2393
  Total tile cap: 98999.3 fF  |  C_coeff: 0.2000
  factor_interior: 173.214s  |  backend: cholmod(partial, mode=simplicial, ordering=amd, natural, idx=32-bit, symbolic_reuse=True)
  compute_schur: 175.648s  |  Schur: 2,393 x 2,393 dense (43.7 MB)
10:57:06 distributed.result_factorization DEBUG: Tile (2, 5, 2) factor_transient_system:
  A_ii: nnz=1.1M  |  A_pp: nnz=2,664
  C_ii cap nodes: 225514 / 225514  |  C_pp cap nodes: 1436 / 2312
  Total tile cap: 251899.3 fF  |  C_coeff: 0.2000
  factor_interior: 130.186s  |  backend: cholmod(partial, mode=simplicial, ordering=amd, natural, idx=32-bit, symbolic_reuse=True)
  compute_schur: 131.612s  |  Schur: 2,312 x 2,312 dense (40.8 MB)
10:57:06 distributed.result_factorization DEBUG: Tile (2, 5, 3) factor_transient_system:
  A_ii: nnz=1.1M  |  A_pp: nnz=2,265
  C_ii cap nodes: 224603 / 224603  |  C_pp cap nodes: 1661 / 1729
  Total tile cap: 227864.5 fF  |  C_coeff: 0.2000
  factor_interior: 103.999s  |  backend: cholmod(partial, mode=simplicial, ordering=amd, natural, idx=32-bit, symbolic_reuse=True)
  compute_schur: 105.112s  |  Schur: 1,729 x 1,729 dense (22.8 MB)
10:57:06 distributed.result_factorization DEBUG: Tile (3, 0, 0) factor_transient_system:
  A_ii: nnz=1.3M  |  A_pp: nnz=4,274
  C_ii cap nodes: 270112 / 270120  |  C_pp cap nodes: 2416 / 3216
  Total tile cap: 175802.8 fF  |  C_coeff: 0.2000
  factor_interior: 215.273s  |  backend: cholmod(partial, mode=simplicial, ordering=amd, natural, idx=32-bit, symbolic_reuse=True)
  compute_schur: 217.552s  |  Schur: 3,216 x 3,216 dense (78.9 MB)
10:57:06 distributed.result_factorization DEBUG: Tile (3, 0, 1) factor_transient_system:
  A_ii: nnz=1.3M  |  A_pp: nnz=1,637
  C_ii cap nodes: 271457 / 271459  |  C_pp cap nodes: 1222 / 1585
  Total tile cap: 77219.4 fF  |  C_coeff: 0.2000
  factor_interior: 202.076s  |  backend: cholmod(partial, mode=simplicial, ordering=amd, natural, idx=32-bit, symbolic_reuse=True)
  compute_schur: 202.502s  |  Schur: 1,585 x 1,585 dense (19.2 MB)
10:57:06 distributed.result_factorization DEBUG: Tile (3, 1, 0) factor_transient_system:
  A_ii: nnz=1.2M  |  A_pp: nnz=5,483
  C_ii cap nodes: 256434 / 256459  |  C_pp cap nodes: 1733 / 4397
  Total tile cap: 489124.9 fF  |  C_coeff: 0.2000
  factor_interior: 306.803s  |  backend: cholmod(partial, mode=simplicial, ordering=amd, natural, idx=32-bit, symbolic_reuse=True)
  compute_schur: 309.723s  |  Schur: 4,397 x 4,397 dense (147.5 MB)
10:57:06 distributed.result_factorization DEBUG: Tile (3, 1, 1) factor_transient_system:
  A_ii: nnz=1.2M  |  A_pp: nnz=3,138
  C_ii cap nodes: 256057 / 256082  |  C_pp cap nodes: 1774 / 2754
  Total tile cap: 471932.2 fF  |  C_coeff: 0.2000
  factor_interior: 199.774s  |  backend: cholmod(partial, mode=simplicial, ordering=amd, natural, idx=32-bit, symbolic_reuse=True)
  compute_schur: 201.686s  |  Schur: 2,754 x 2,754 dense (57.9 MB)
10:57:06 distributed.result_factorization DEBUG: Tile (3, 1, 2) factor_transient_system:
  A_ii: nnz=1.2M  |  A_pp: nnz=5,963
  C_ii cap nodes: 256975 / 257020  |  C_pp cap nodes: 2623 / 4159
  Total tile cap: 269884.5 fF  |  C_coeff: 0.2000
  factor_interior: 169.253s  |  backend: cholmod(partial, mode=simplicial, ordering=amd, natural, idx=32-bit, symbolic_reuse=True)
  compute_schur: 175.286s  |  Schur: 4,159 x 4,159 dense (132.0 MB)
10:57:06 distributed.result_factorization DEBUG: Tile (3, 1, 3) factor_transient_system:
  A_ii: nnz=1.2M  |  A_pp: nnz=4,568
  C_ii cap nodes: 257869 / 257878  |  C_pp cap nodes: 3196 / 3424
  Total tile cap: 195378.6 fF  |  C_coeff: 0.2000
  factor_interior: 213.077s  |  backend: cholmod(partial, mode=simplicial, ordering=amd, natural, idx=32-bit, symbolic_reuse=True)
  compute_schur: 216.922s  |  Schur: 3,424 x 3,424 dense (89.4 MB)
10:57:06 distributed.result_factorization DEBUG: Tile (3, 2, 0) factor_transient_system:
  A_ii: nnz=1.5M  |  A_pp: nnz=7,273
  C_ii cap nodes: 311166 / 311173  |  C_pp cap nodes: 3022 / 5063
  Total tile cap: 377770.0 fF  |  C_coeff: 0.2000
  factor_interior: 220.641s  |  backend: cholmod(partial, mode=simplicial, ordering=amd, natural, idx=32-bit, symbolic_reuse=True)
  compute_schur: 225.037s  |  Schur: 5,063 x 5,063 dense (195.6 MB)
10:57:06 distributed.result_factorization DEBUG: Tile (3, 2, 1) factor_transient_system:
  A_ii: nnz=1.5M  |  A_pp: nnz=5,467
  C_ii cap nodes: 311417 / 311417  |  C_pp cap nodes: 2184 / 4473
  Total tile cap: 234324.2 fF  |  C_coeff: 0.2000
  factor_interior: 282.664s  |  backend: cholmod(partial, mode=simplicial, ordering=amd, natural, idx=32-bit, symbolic_reuse=True)
  compute_schur: 285.175s  |  Schur: 4,473 x 4,473 dense (152.6 MB)
10:57:06 distributed.result_factorization DEBUG: Tile (3, 2, 2) factor_transient_system:
  A_ii: nnz=1.5M  |  A_pp: nnz=6,731
  C_ii cap nodes: 313125 / 313153  |  C_pp cap nodes: 2711 / 4501
  Total tile cap: 175999.9 fF  |  C_coeff: 0.2000
  factor_interior: 244.754s  |  backend: cholmod(partial, mode=simplicial, ordering=amd, natural, idx=32-bit, symbolic_reuse=True)
  compute_schur: 249.056s  |  Schur: 4,501 x 4,501 dense (154.6 MB)
10:57:06 distributed.result_factorization DEBUG: Tile (3, 2, 3) factor_transient_system:
  A_ii: nnz=1.5M  |  A_pp: nnz=4,516
  C_ii cap nodes: 311400 / 311466  |  C_pp cap nodes: 3131 / 3978
  Total tile cap: 212712.8 fF  |  C_coeff: 0.2000
  factor_interior: 232.985s  |  backend: cholmod(partial, mode=simplicial, ordering=amd, natural, idx=32-bit, symbolic_reuse=True)
  compute_schur: 237.480s  |  Schur: 3,978 x 3,978 dense (120.7 MB)
10:57:06 distributed.result_factorization DEBUG: Tile (3, 3, 0) factor_transient_system:
  A_ii: nnz=1.8M  |  A_pp: nnz=5,864
  C_ii cap nodes: 374193 / 374193  |  C_pp cap nodes: 2375 / 4030
  Total tile cap: 329629.0 fF  |  C_coeff: 0.2000
  factor_interior: 257.407s  |  backend: cholmod(partial, mode=simplicial, ordering=amd, natural, idx=32-bit, symbolic_reuse=True)
  compute_schur: 259.477s  |  Schur: 4,030 x 4,030 dense (123.9 MB)
10:57:06 distributed.result_factorization DEBUG: Tile (3, 3, 1) factor_transient_system:
  A_ii: nnz=1.8M  |  A_pp: nnz=3,569
  C_ii cap nodes: 369688 / 369691  |  C_pp cap nodes: 2021 / 3123
  Total tile cap: 628422.4 fF  |  C_coeff: 0.2000
  factor_interior: 287.489s  |  backend: cholmod(partial, mode=simplicial, ordering=amd, natural, idx=32-bit, symbolic_reuse=True)
  compute_schur: 288.574s  |  Schur: 3,123 x 3,123 dense (74.4 MB)
10:57:06 distributed.result_factorization DEBUG: Tile (3, 3, 2) factor_transient_system:
  A_ii: nnz=1.8M  |  A_pp: nnz=5,443
  C_ii cap nodes: 376202 / 376298  |  C_pp cap nodes: 2513 / 4457
  Total tile cap: 277600.6 fF  |  C_coeff: 0.2000
  factor_interior: 323.977s  |  backend: cholmod(partial, mode=simplicial, ordering=amd, natural, idx=32-bit, symbolic_reuse=True)
  compute_schur: 326.333s  |  Schur: 4,457 x 4,457 dense (151.6 MB)
10:57:06 distributed.result_factorization DEBUG: Tile (3, 3, 3) factor_transient_system:
  A_ii: nnz=1.8M  |  A_pp: nnz=4,489
  C_ii cap nodes: 373218 / 373329  |  C_pp cap nodes: 3775 / 3917
  Total tile cap: 370356.7 fF  |  C_coeff: 0.2000
  factor_interior: 288.689s  |  backend: cholmod(partial, mode=simplicial, ordering=amd, natural, idx=32-bit, symbolic_reuse=True)
  compute_schur: 290.647s  |  Schur: 3,917 x 3,917 dense (117.1 MB)
10:57:06 distributed.result_factorization DEBUG: Tile (3, 4, 0) factor_transient_system:
  A_ii: nnz=1.6M  |  A_pp: nnz=6,972
  C_ii cap nodes: 331982 / 331982  |  C_pp cap nodes: 2547 / 5146
  Total tile cap: 332930.5 fF  |  C_coeff: 0.2000
  factor_interior: 338.234s  |  backend: cholmod(partial, mode=simplicial, ordering=amd, natural, idx=32-bit, symbolic_reuse=True)
  compute_schur: 341.668s  |  Schur: 5,146 x 5,146 dense (202.0 MB)
10:57:06 distributed.result_factorization DEBUG: Tile (3, 4, 1) factor_transient_system:
  A_ii: nnz=1.6M  |  A_pp: nnz=4,076
  C_ii cap nodes: 333049 / 333049  |  C_pp cap nodes: 1764 / 3716
  Total tile cap: 256611.7 fF  |  C_coeff: 0.2000
  factor_interior: 312.998s  |  backend: cholmod(partial, mode=simplicial, ordering=amd, natural, idx=32-bit, symbolic_reuse=True)
  compute_schur: 314.511s  |  Schur: 3,716 x 3,716 dense (105.4 MB)
10:57:06 distributed.result_factorization DEBUG: Tile (3, 4, 2) factor_transient_system:
  A_ii: nnz=1.6M  |  A_pp: nnz=7,303
  C_ii cap nodes: 332644 / 332730  |  C_pp cap nodes: 3415 / 5157
  Total tile cap: 287868.5 fF  |  C_coeff: 0.2000
  factor_interior: 296.674s  |  backend: cholmod(partial, mode=simplicial, ordering=amd, natural, idx=32-bit, symbolic_reuse=True)
  compute_schur: 300.076s  |  Schur: 5,157 x 5,157 dense (202.9 MB)
10:57:06 distributed.result_factorization DEBUG: Tile (3, 4, 3) factor_transient_system:
  A_ii: nnz=1.6M  |  A_pp: nnz=4,970
  C_ii cap nodes: 333337 / 333401  |  C_pp cap nodes: 3210 / 3652
  Total tile cap: 219826.1 fF  |  C_coeff: 0.2000
  factor_interior: 296.646s  |  backend: cholmod(partial, mode=simplicial, ordering=amd, natural, idx=32-bit, symbolic_reuse=True)
  compute_schur: 298.468s  |  Schur: 3,652 x 3,652 dense (101.8 MB)
10:57:06 distributed.result_factorization DEBUG: Tile (3, 5, 0) factor_transient_system:
  A_ii: nnz=1.6M  |  A_pp: nnz=3,949
  C_ii cap nodes: 340542 / 340561  |  C_pp cap nodes: 1878 / 3059
  Total tile cap: 223700.6 fF  |  C_coeff: 0.2000
  factor_interior: 262.355s  |  backend: cholmod(partial, mode=simplicial, ordering=amd, natural, idx=32-bit, symbolic_reuse=True)
  compute_schur: 263.445s  |  Schur: 3,059 x 3,059 dense (71.4 MB)
10:57:06 distributed.result_factorization DEBUG: Tile (3, 5, 1) factor_transient_system:
  A_ii: nnz=1.6M  |  A_pp: nnz=3,271
  C_ii cap nodes: 340392 / 340392  |  C_pp cap nodes: 2570 / 2913
  Total tile cap: 125465.0 fF  |  C_coeff: 0.2000
  factor_interior: 251.551s  |  backend: cholmod(partial, mode=simplicial, ordering=amd, natural, idx=32-bit, symbolic_reuse=True)
  compute_schur: 253.430s  |  Schur: 2,913 x 2,913 dense (64.7 MB)
10:57:06 distributed.result_factorization DEBUG: Tile (4, 0, 0) factor_transient_system:
  A_ii: nnz=1.2M  |  A_pp: nnz=3,004
  C_ii cap nodes: 264680 / 264684  |  C_pp cap nodes: 1158 / 1960
  Total tile cap: 77140.3 fF  |  C_coeff: 0.2000
  factor_interior: 198.893s  |  backend: cholmod(partial, mode=simplicial, ordering=amd, natural, idx=32-bit, symbolic_reuse=True)
  compute_schur: 200.223s  |  Schur: 1,960 x 1,960 dense (29.3 MB)
10:57:06 distributed.result_factorization DEBUG: Tile (4, 0, 1) factor_transient_system:
  A_ii: nnz=1.2M  |  A_pp: nnz=2,862
  C_ii cap nodes: 261364 / 261364  |  C_pp cap nodes: 2468 / 2802
  Total tile cap: 165375.1 fF  |  C_coeff: 0.2000
  factor_interior: 233.494s  |  backend: cholmod(partial, mode=simplicial, ordering=amd, natural, idx=32-bit, symbolic_reuse=True)
  compute_schur: 234.753s  |  Schur: 2,802 x 2,802 dense (59.9 MB)
10:57:06 distributed.result_factorization DEBUG: Tile (4, 1, 0) factor_transient_system:
  A_ii: nnz=1.2M  |  A_pp: nnz=4,849
  C_ii cap nodes: 259466 / 259553  |  C_pp cap nodes: 1336 / 3641
  Total tile cap: 281706.5 fF  |  C_coeff: 0.2000
  factor_interior: 258.810s  |  backend: cholmod(partial, mode=simplicial, ordering=amd, natural, idx=32-bit, symbolic_reuse=True)
  compute_schur: 260.493s  |  Schur: 3,641 x 3,641 dense (101.1 MB)
10:57:06 distributed.result_factorization DEBUG: Tile (4, 1, 1) factor_transient_system:
  A_ii: nnz=1.2M  |  A_pp: nnz=3,904
  C_ii cap nodes: 260407 / 260528  |  C_pp cap nodes: 2314 / 3274
  Total tile cap: 203446.9 fF  |  C_coeff: 0.2000
  factor_interior: 231.871s  |  backend: cholmod(partial, mode=simplicial, ordering=amd, natural, idx=32-bit, symbolic_reuse=True)
  compute_schur: 234.544s  |  Schur: 3,274 x 3,274 dense (81.8 MB)
10:57:06 distributed.result_factorization DEBUG: Tile (4, 1, 2) factor_transient_system:
  A_ii: nnz=1.2M  |  A_pp: nnz=6,058
  C_ii cap nodes: 255770 / 255771  |  C_pp cap nodes: 2887 / 3658
  Total tile cap: 488366.0 fF  |  C_coeff: 0.2000
  factor_interior: 275.504s  |  backend: cholmod(partial, mode=simplicial, ordering=amd, natural, idx=32-bit, symbolic_reuse=True)
  compute_schur: 277.252s  |  Schur: 3,658 x 3,658 dense (102.1 MB)
10:57:06 distributed.result_factorization DEBUG: Tile (4, 1, 3) factor_transient_system:
  A_ii: nnz=1.2M  |  A_pp: nnz=2,730
  C_ii cap nodes: 254882 / 254883  |  C_pp cap nodes: 2188 / 2296
  Total tile cap: 479259.0 fF  |  C_coeff: 0.2000
  factor_interior: 236.871s  |  backend: cholmod(partial, mode=simplicial, ordering=amd, natural, idx=32-bit, symbolic_reuse=True)
  compute_schur: 237.758s  |  Schur: 2,296 x 2,296 dense (40.2 MB)
10:57:06 distributed.result_factorization DEBUG: Tile (4, 2, 0) factor_transient_system:
  A_ii: nnz=1.4M  |  A_pp: nnz=5,898
  C_ii cap nodes: 302753 / 302864  |  C_pp cap nodes: 2129 / 4148
  Total tile cap: 184461.3 fF  |  C_coeff: 0.2000
  factor_interior: 264.181s  |  backend: cholmod(partial, mode=simplicial, ordering=amd, natural, idx=32-bit, symbolic_reuse=True)
  compute_schur: 266.197s  |  Schur: 4,148 x 4,148 dense (131.3 MB)
10:57:06 distributed.result_factorization DEBUG: Tile (4, 2, 1) factor_transient_system:
  A_ii: nnz=1.4M  |  A_pp: nnz=3,566
  C_ii cap nodes: 298773 / 298773  |  C_pp cap nodes: 2173 / 3032
  Total tile cap: 249892.6 fF  |  C_coeff: 0.2000
  factor_interior: 230.538s  |  backend: cholmod(partial, mode=simplicial, ordering=amd, natural, idx=32-bit, symbolic_reuse=True)
  compute_schur: 234.912s  |  Schur: 3,032 x 3,032 dense (70.1 MB)
10:57:06 distributed.result_factorization DEBUG: Tile (4, 2, 2) factor_transient_system:
  A_ii: nnz=1.4M  |  A_pp: nnz=3,350
  C_ii cap nodes: 297920 / 297923  |  C_pp cap nodes: 1855 / 3054
  Total tile cap: 470532.1 fF  |  C_coeff: 0.2000
  factor_interior: 234.341s  |  backend: cholmod(partial, mode=simplicial, ordering=amd, natural, idx=32-bit, symbolic_reuse=True)
  compute_schur: 236.603s  |  Schur: 3,054 x 3,054 dense (71.2 MB)
10:57:06 distributed.result_factorization DEBUG: Tile (4, 2, 3) factor_transient_system:
  A_ii: nnz=1.4M  |  A_pp: nnz=3,409
  C_ii cap nodes: 299029 / 299031  |  C_pp cap nodes: 2311 / 2553
  Total tile cap: 276529.5 fF  |  C_coeff: 0.2000
  factor_interior: 169.748s  |  backend: cholmod(partial, mode=simplicial, ordering=amd, natural, idx=32-bit, symbolic_reuse=True)
  compute_schur: 171.648s  |  Schur: 2,553 x 2,553 dense (49.7 MB)
10:57:06 distributed.result_factorization DEBUG: Tile (4, 3, 0) factor_transient_system:
  A_ii: nnz=1.5M  |  A_pp: nnz=5,645
  C_ii cap nodes: 323264 / 323264  |  C_pp cap nodes: 2340 / 4737
  Total tile cap: 179776.1 fF  |  C_coeff: 0.2000
  factor_interior: 300.448s  |  backend: cholmod(partial, mode=simplicial, ordering=amd, natural, idx=32-bit, symbolic_reuse=True)
  compute_schur: 305.285s  |  Schur: 4,737 x 4,737 dense (171.2 MB)
10:57:06 distributed.result_factorization DEBUG: Tile (4, 3, 1) factor_transient_system:
  A_ii: nnz=1.5M  |  A_pp: nnz=6,527
  C_ii cap nodes: 323087 / 323087  |  C_pp cap nodes: 4210 / 4571
  Total tile cap: 122341.3 fF  |  C_coeff: 0.2000
  factor_interior: 280.924s  |  backend: cholmod(partial, mode=simplicial, ordering=amd, natural, idx=32-bit, symbolic_reuse=True)
  compute_schur: 284.064s  |  Schur: 4,571 x 4,571 dense (159.4 MB)
10:57:06 distributed.result_factorization DEBUG: Tile (4, 4, 0) factor_transient_system:
  A_ii: nnz=1.7M  |  A_pp: nnz=8,997
  C_ii cap nodes: 366864 / 366864  |  C_pp cap nodes: 2771 / 7185
  Total tile cap: 231112.0 fF  |  C_coeff: 0.2000
  factor_interior: 395.218s  |  backend: cholmod(partial, mode=simplicial, ordering=amd, natural, idx=32-bit, symbolic_reuse=True)
  compute_schur: 405.284s  |  Schur: 7,185 x 7,185 dense (393.9 MB)
10:57:06 distributed.result_factorization DEBUG: Tile (4, 4, 1) factor_transient_system:
  A_ii: nnz=1.7M  |  A_pp: nnz=8,685
  C_ii cap nodes: 363274 / 363274  |  C_pp cap nodes: 5007 / 5743
  Total tile cap: 157240.1 fF  |  C_coeff: 0.2000
  factor_interior: 279.907s  |  backend: cholmod(partial, mode=simplicial, ordering=amd, natural, idx=32-bit, symbolic_reuse=True)
  compute_schur: 284.991s  |  Schur: 5,743 x 5,743 dense (251.6 MB)
10:57:06 distributed.result_factorization DEBUG: Tile (4, 5, 0) factor_transient_system:
  A_ii: nnz=1.8M  |  A_pp: nnz=6,619
  C_ii cap nodes: 375352 / 375352  |  C_pp cap nodes: 1863 / 5759
  Total tile cap: 193885.3 fF  |  C_coeff: 0.2000
  factor_interior: 385.036s  |  backend: cholmod(partial, mode=simplicial, ordering=amd, natural, idx=32-bit, symbolic_reuse=True)
  compute_schur: 389.688s  |  Schur: 5,759 x 5,759 dense (253.0 MB)
10:57:06 distributed.result_factorization DEBUG: Tile (4, 5, 1) factor_transient_system:
  A_ii: nnz=1.8M  |  A_pp: nnz=9,630
  C_ii cap nodes: 372959 / 372959  |  C_pp cap nodes: 4302 / 4658
  Total tile cap: 139297.8 fF  |  C_coeff: 0.2000
  factor_interior: 250.559s  |  backend: cholmod(partial, mode=simplicial, ordering=amd, natural, idx=32-bit, symbolic_reuse=True)
  compute_schur: 253.451s  |  Schur: 4,658 x 4,658 dense (165.5 MB)
10:57:06 distributed.result_factorization DEBUG: Tile (5, 0, 0) factor_transient_system:
  A_ii: nnz=1.3M  |  A_pp: nnz=4,264
  C_ii cap nodes: 270124 / 270132  |  C_pp cap nodes: 2408 / 3210
  Total tile cap: 175748.9 fF  |  C_coeff: 0.2000
  factor_interior: 197.288s  |  backend: cholmod(partial, mode=simplicial, ordering=amd, natural, idx=32-bit, symbolic_reuse=True)
  compute_schur: 201.943s  |  Schur: 3,210 x 3,210 dense (78.6 MB)
10:57:06 distributed.result_factorization DEBUG: Tile (5, 0, 1) factor_transient_system:
  A_ii: nnz=1.3M  |  A_pp: nnz=1,490
  C_ii cap nodes: 271449 / 271451  |  C_pp cap nodes: 1075 / 1438
  Total tile cap: 77196.9 fF  |  C_coeff: 0.2000
  factor_interior: 173.639s  |  backend: cholmod(partial, mode=simplicial, ordering=amd, natural, idx=32-bit, symbolic_reuse=True)
  compute_schur: 174.541s  |  Schur: 1,438 x 1,438 dense (15.8 MB)
10:57:06 distributed.result_factorization DEBUG: Tile (5, 1, 0) factor_transient_system:
  A_ii: nnz=1.2M  |  A_pp: nnz=5,474
  C_ii cap nodes: 256434 / 256459  |  C_pp cap nodes: 1727 / 4392
  Total tile cap: 489046.8 fF  |  C_coeff: 0.2000
  factor_interior: 306.112s  |  backend: cholmod(partial, mode=simplicial, ordering=amd, natural, idx=32-bit, symbolic_reuse=True)
  compute_schur: 308.428s  |  Schur: 4,392 x 4,392 dense (147.2 MB)
10:57:06 distributed.result_factorization DEBUG: Tile (5, 1, 1) factor_transient_system:
  A_ii: nnz=1.2M  |  A_pp: nnz=3,137
  C_ii cap nodes: 256057 / 256082  |  C_pp cap nodes: 1772 / 2753
  Total tile cap: 471956.6 fF  |  C_coeff: 0.2000
  factor_interior: 265.195s  |  backend: cholmod(partial, mode=simplicial, ordering=amd, natural, idx=32-bit, symbolic_reuse=True)
  compute_schur: 266.304s  |  Schur: 2,753 x 2,753 dense (57.8 MB)
10:57:06 distributed.result_factorization DEBUG: Tile (5, 1, 2) factor_transient_system:
  A_ii: nnz=1.2M  |  A_pp: nnz=5,892
  C_ii cap nodes: 256976 / 257021  |  C_pp cap nodes: 2558 / 4092
  Total tile cap: 269782.9 fF  |  C_coeff: 0.2000
  factor_interior: 183.196s  |  backend: cholmod(partial, mode=simplicial, ordering=amd, natural, idx=32-bit, symbolic_reuse=True)
  compute_schur: 187.146s  |  Schur: 4,092 x 4,092 dense (127.8 MB)
10:57:06 distributed.result_factorization DEBUG: Tile (5, 1, 3) factor_transient_system:
  A_ii: nnz=1.2M  |  A_pp: nnz=4,483
  C_ii cap nodes: 257871 / 257880  |  C_pp cap nodes: 3112 / 3339
  Total tile cap: 195458.0 fF  |  C_coeff: 0.2000
  factor_interior: 207.712s  |  backend: cholmod(partial, mode=simplicial, ordering=amd, natural, idx=32-bit, symbolic_reuse=True)
  compute_schur: 209.224s  |  Schur: 3,339 x 3,339 dense (85.1 MB)
10:57:06 distributed.result_factorization DEBUG: Tile (5, 2, 0) factor_transient_system:
  A_ii: nnz=1.7M  |  A_pp: nnz=7,625
  C_ii cap nodes: 362311 / 362318  |  C_pp cap nodes: 3035 / 5883
  Total tile cap: 386841.0 fF  |  C_coeff: 0.2000
  factor_interior: 312.429s  |  backend: cholmod(partial, mode=simplicial, ordering=amd, natural, idx=32-bit, symbolic_reuse=True)
  compute_schur: 317.244s  |  Schur: 5,883 x 5,883 dense (264.1 MB)
10:57:06 distributed.result_factorization DEBUG: Tile (5, 2, 1) factor_transient_system:
  A_ii: nnz=1.7M  |  A_pp: nnz=8,072
  C_ii cap nodes: 367246 / 367250  |  C_pp cap nodes: 4238 / 5196
  Total tile cap: 88324.2 fF  |  C_coeff: 0.2000
  factor_interior: 289.730s  |  backend: cholmod(partial, mode=simplicial, ordering=amd, natural, idx=32-bit, symbolic_reuse=True)
  compute_schur: 293.499s  |  Schur: 5,196 x 5,196 dense (206.0 MB)
10:57:06 distributed.result_factorization DEBUG: Tile (5, 3, 0) factor_transient_system:
  A_ii: nnz=1.4M  |  A_pp: nnz=4,014
  C_ii cap nodes: 289358 / 289358  |  C_pp cap nodes: 2361 / 3110
  Total tile cap: 130285.7 fF  |  C_coeff: 0.2000
  factor_interior: 202.550s  |  backend: cholmod(partial, mode=simplicial, ordering=amd, natural, idx=32-bit, symbolic_reuse=True)
  compute_schur: 204.180s  |  Schur: 3,110 x 3,110 dense (73.8 MB)
10:57:06 distributed.result_factorization DEBUG: Tile (5, 3, 1) factor_transient_system:
  A_ii: nnz=1.3M  |  A_pp: nnz=2,452
  C_ii cap nodes: 291625 / 291625  |  C_pp cap nodes: 2046 / 2432
  Total tile cap: 45673.6 fF  |  C_coeff: 0.2000
  factor_interior: 281.448s  |  backend: cholmod(partial, mode=simplicial, ordering=amd, natural, idx=32-bit, symbolic_reuse=True)
  compute_schur: 282.165s  |  Schur: 2,432 x 2,432 dense (45.1 MB)
10:57:06 distributed.result_factorization DEBUG: Tile (5, 4, 0) factor_transient_system:
  A_ii: nnz=1.4M  |  A_pp: nnz=5,206
  C_ii cap nodes: 296152 / 296152  |  C_pp cap nodes: 2690 / 3438
  Total tile cap: 167452.8 fF  |  C_coeff: 0.2000
  factor_interior: 213.282s  |  backend: cholmod(partial, mode=simplicial, ordering=amd, natural, idx=32-bit, symbolic_reuse=True)
  compute_schur: 216.235s  |  Schur: 3,438 x 3,438 dense (90.2 MB)
10:57:06 distributed.result_factorization DEBUG: Tile (5, 4, 1) factor_transient_system:
  A_ii: nnz=1.4M  |  A_pp: nnz=2,509
  C_ii cap nodes: 301816 / 301816  |  C_pp cap nodes: 1694 / 2487
  Total tile cap: 47062.2 fF  |  C_coeff: 0.2000
  factor_interior: 314.907s  |  backend: cholmod(partial, mode=simplicial, ordering=amd, natural, idx=32-bit, symbolic_reuse=True)
  compute_schur: 315.581s  |  Schur: 2,487 x 2,487 dense (47.2 MB)
10:57:06 distributed.result_factorization DEBUG: Tile (5, 5, 0) factor_transient_system:
  A_ii: nnz=1.4M  |  A_pp: nnz=3,532
  C_ii cap nodes: 298800 / 298800  |  C_pp cap nodes: 1910 / 2656
  Total tile cap: 146016.0 fF  |  C_coeff: 0.2000
  factor_interior: 243.214s  |  backend: cholmod(partial, mode=simplicial, ordering=amd, natural, idx=32-bit, symbolic_reuse=True)
  compute_schur: 245.457s  |  Schur: 2,656 x 2,656 dense (53.8 MB)
10:57:06 distributed.result_factorization DEBUG: Tile (5, 5, 1) factor_transient_system:
  A_ii: nnz=1.4M  |  A_pp: nnz=1,851
  C_ii cap nodes: 301514 / 301514  |  C_pp cap nodes: 1428 / 1829
  Total tile cap: 47335.3 fF  |  C_coeff: 0.2000
  factor_interior: 254.609s  |  backend: cholmod(partial, mode=simplicial, ordering=amd, natural, idx=32-bit, symbolic_reuse=True)
  compute_schur: 255.677s  |  Schur: 1,829 x 1,829 dense (25.5 MB)
11:05:20 distributed.result_factorization INFO: === Distributed DDM Prepare Transient Statistics ===
11:05:20 distributed.result_factorization INFO: Method: be  |  dt: 5.0 ps  |  C_coeff: 0.2000
11:05:20 distributed.result_factorization INFO: Tiles: 107
11:05:20 distributed.result_factorization INFO:   A_ii nnz:         948,725 / 1.3M / 1.8M  (min/mean/max)
11:05:20 distributed.result_factorization INFO:   A_pp nnz:         1,286 / 4,657 / 9,630
11:05:20 distributed.result_factorization INFO:   Total cap:        40920 fF / 248445 fF / 628422 fF  (total: 26583577 fF)
11:05:20 distributed.result_factorization INFO:   Schur memory:     12.3 MB / 111.3 MB / 393.9 MB  (total: 11.6 GB)
11:05:20 distributed.result_factorization INFO:   Factor time:      20.225s / 236.325s / 436.801s
11:05:20 distributed.result_factorization INFO:   Factor backend:   cholmod(partial, mode=simplicial, ordering=amd, natural, idx=32-bit, symbolic_reuse=True)
11:05:20 distributed.result_factorization INFO:   Factor + Schur wall time: 446.768s
11:05:20 distributed.result_factorization INFO: Transient interface: 190,867 unknowns, 1282.1M nnz (density 3.519%), 14.3 GB
11:05:20 distributed.result_factorization INFO:   Backend: cholmod(mode=supernodal, ordering=metis, idx=64-bit)
11:05:20 distributed.result_factorization INFO:   Factor time: 313.195s
11:05:20 distributed.result_factorization INFO:   Has capacitance: True
11:05:20 distributed.result_factorization INFO:   Package C_uu nnz: 0  |  Package G_uu nnz: 3090
11:05:20 distributed.result_factorization INFO:   Assemble time: 180.393s
11:05:20 distributed.result_factorization INFO:   Detect islands time: 0.000s
11:05:20 distributed.result_factorization INFO: === Total Prepare: 940.356s ===
11:05:54 distributed.solver_td INFO: A2 step columns: 107 tiles, tiers=['skipped', 'skipped', 'skipped', 'skipped', 'skipped', 'skipped', 'skipped', 'skipped', 'phase', 'skipped', 'phase', 'skipped', 'phase', 'skipped', 'skipped', 'skipped', 'skipped', 'skipped', 'skipped', 'skipped', 'skipped', 'skipped', 'skipped', 'skipped', 'skipped', 'skipped', 'phase', 'skipped', 'skipped', 'skipped', 'skipped', 'skipped', 'skipped', 'skipped', 'skipped', 'skipped', 'skipped', 'skipped', 'skipped', 'skipped', 'skipped', 'skipped', 'skipped', 'skipped', 'skipped', 'skipped', 'skipped', 'skipped', 'skipped', 'skipped', 'skipped', 'skipped', 'skipped', 'phase', 'phase', 'skipped', 'skipped', 'skipped', 'skipped', 'skipped', 'skipped', 'skipped', 'skipped', 'skipped', 'skipped', 'skipped', 'skipped', 'skipped', 'skipped', 'skipped', 'skipped', 'skipped', 'skipped', 'skipped', 'skipped', 'skipped', 'phase', 'skipped', 'skipped', 'skipped', 'skipped', 'skipped', 'skipped', 'skipped', 'skipped', 'skipped', 'skipped', 'skipped', 'skipped', 'skipped', 'skipped', 'skipped', 'skipped', 'skipped', 'skipped', 'skipped', 'skipped', 'skipped', 'skipped', 'skipped', 'skipped', 'skipped', 'skipped', 'skipped', 'skipped', 'skipped', 'skipped'], 13.127s
11:06:08 distributed.solver_td INFO: Step 1/20 (t=5.000e-12 s): max_drop=0.0190 V, total_I=820.10 mA
11:08:23 distributed.solver_td INFO: Step 11/20 (t=5.500e-11 s): max_drop=0.0182 V, total_I=877.48 mA
11:10:15 distributed.solver_td INFO: Step 20/20 (t=1.000e-10 s): max_drop=0.0961 V, total_I=846.58 mA
11:10:15 distributed.solver_td INFO: === Distributed DDM Transient Solve Statistics ===
11:10:15 distributed.solver_td INFO: Time steps: 20  |  t: [5ps, 0.1ns]  |  dt: 5ps  |  method: be
11:10:15 distributed.solver_td INFO: DC initial condition: 21.449s
11:10:15 distributed.solver_td INFO: Time loop: 260.68s (20 steps, avg 13.034s/step)
11:10:15 distributed.solver_td INFO:   Transient RHS:     0.885s/step (per-tile: 0.062 / 0.520 / 1.351)
11:10:15 distributed.solver_td INFO:   Assemble + solve:  11.537s/step
11:10:15 distributed.solver_td INFO:   Interior recovery:  0.609s/step
11:10:15 distributed.solver_td INFO: Peak IR-drop: 0.1049 V at t=0.095ns
11:10:16 distributed.cli INFO: transient solve completed in 2989.868s: 20 time steps, peak IR-drop = 104.932 mV at t = 9.500e-11 s
11:11:15 distributed.cli INFO: Results saved to /wv/bwdev1/patrasej/dev/sigma_dvd/mpower_testcases/BRCM/analysis/dynamic_ir/distributed/ddm_transient_result.pkl
