11:00:53 distributed.cli INFO: Logging to file: /wv/bwdev1/patrasej/dev/sigma_dvd/mpower_testcases/minion/vcd_sdc/analysis/ir_drop_decomp/decompose_20260710_110053.log
11:00:53 distributed.decomposition INFO: Phase 0: Loading distributed partitions from netlist/netlist_minion/distributed_pkl
11:00:53 distributed.model INFO: Loaded metadata from netlist/netlist_minion/distributed_pkl: 1 tiles, 0 shared boundary nodes
11:01:04 distributed.model INFO: Interface: 236 nodes (0 boundary + 236 die attachment)
11:01:21 distributed.model INFO: Model created in 27.210s: 1 tile-worker handles, 972697 interior nodes, 236 boundary entries, 236 interface nodes
11:01:21 distributed.decomposition INFO: Model: 1 tiles (1x1), 236 interface nodes, Vdd=0.660 V, net=VDD_XLV
11:02:53 distributed.solver_td INFO: Smoothing: 1 tiles, cache hits=0/1, per-tile wall: max=33.696s mean=33.696s
11:02:53 distributed.solver_td INFO: VCS init: 614206 total sources across 1 tiles (0 from cache)
11:02:53 distributed.solver_td INFO:   init_vcs: 57.9348s
11:02:53 distributed.solver_td INFO:   smooth_sources: 34.2005s
11:02:53 distributed.decomposition INFO: Phase 1: Factoring DC and transient systems
11:03:05 distributed.result_factorization DEBUG: Tile (0, 0) factor_and_compute_schur:
  G_ii: 972,697 x 972,697, nnz=4,178,213 (density 0.00044%), 55.3 MB
  G_pp: 236 x 236, nnz=236
  G_pi: 236 x 972,697, nnz=422  |  G_ip: 972,697 x 236, nnz=422
  Block system memory: 55.3 MB
  factor_interior: 9.225s  |  backend: cholmod(partial, mode=simplicial, ordering=default, natural, idx=32-bit)
  compute_schur: 12.572s  |  Schur: 236 x 236 dense (435.1 KB)
11:03:05 distributed.result_factorization INFO: === Distributed DDM Prepare Statistics ===
11:03:05 distributed.result_factorization INFO: Tiles: 1
11:03:05 distributed.result_factorization INFO:   Interior nodes:  972,697 / 972,697 / 972,697  (min/mean/max)
11:03:05 distributed.result_factorization INFO:   Port nodes:      236 / 236 / 236
11:03:05 distributed.result_factorization INFO:   G_ii nnz:        4.2M / 4.2M / 4.2M
11:03:05 distributed.result_factorization INFO:   G_ii memory:     55.3 MB / 55.3 MB / 55.3 MB  (total: 55.3 MB)
11:03:05 distributed.result_factorization INFO:   Schur memory:    435.1 KB / 435.1 KB / 435.1 KB  (total: 435.1 KB)
11:03:05 distributed.result_factorization INFO:   Factor time:     9.225s / 9.225s / 9.225s
11:03:05 distributed.result_factorization INFO:   Factor backend:  cholmod(partial, mode=simplicial, ordering=default, natural, idx=32-bit)
11:03:05 distributed.result_factorization INFO:   Factor + Schur wall time: 12.578s
11:03:05 distributed.result_factorization INFO: Interface system: 944 unknowns, 57,820 nnz (density 6.488%), 681.3 KB
11:03:05 distributed.result_factorization INFO:   Backend: cholmod(mode=supernodal, ordering=metis, idx=64-bit)
11:03:05 distributed.result_factorization INFO:   Factor time: 0.117s
11:03:05 distributed.result_factorization INFO:   Islands penalized: 0
11:03:05 distributed.result_factorization INFO:   Assemble time: 0.012s
11:03:05 distributed.result_factorization INFO:   Detect islands time: 0.050s
11:03:05 distributed.result_factorization INFO: === Total Prepare: 12.757s ===
11:03:16 distributed.result_factorization DEBUG: Tile (0, 0) factor_transient_system:
  A_ii: nnz=4.2M  |  A_pp: nnz=236
  C_ii cap nodes: 972696 / 972697  |  C_pp cap nodes: 236 / 236
  Total tile cap: 1190914.9 fF  |  C_coeff: 0.1000
  factor_interior: 7.896s  |  backend: cholmod(partial, mode=simplicial, ordering=default, natural, idx=32-bit, symbolic_reuse=True)
  compute_schur: 8.488s  |  Schur: 236 x 236 dense (435.1 KB)
11:03:16 distributed.result_factorization INFO: === Distributed DDM Prepare Transient Statistics ===
11:03:16 distributed.result_factorization INFO: Method: be  |  dt: 10.0 ps  |  C_coeff: 0.1000
11:03:16 distributed.result_factorization INFO: Tiles: 1
11:03:16 distributed.result_factorization INFO:   A_ii nnz:         4.2M / 4.2M / 4.2M  (min/mean/max)
11:03:16 distributed.result_factorization INFO:   A_pp nnz:         236 / 236 / 236
11:03:16 distributed.result_factorization INFO:   Total cap:        1190915 fF / 1190915 fF / 1190915 fF  (total: 1190915 fF)
11:03:16 distributed.result_factorization INFO:   Schur memory:     435.1 KB / 435.1 KB / 435.1 KB  (total: 435.1 KB)
11:03:16 distributed.result_factorization INFO:   Factor time:      7.896s / 7.896s / 7.896s
11:03:16 distributed.result_factorization INFO:   Factor backend:   cholmod(partial, mode=simplicial, ordering=default, natural, idx=32-bit, symbolic_reuse=True)
11:03:16 distributed.result_factorization INFO:   Factor + Schur wall time: 10.337s
11:03:16 distributed.result_factorization INFO: Transient interface: 944 unknowns, 57,820 nnz (density 6.488%), 681.3 KB
11:03:16 distributed.result_factorization INFO:   Backend: cholmod(mode=supernodal, ordering=metis, idx=64-bit)
11:03:16 distributed.result_factorization INFO:   Factor time: 0.020s
11:03:16 distributed.result_factorization INFO:   Has capacitance: True
11:03:16 distributed.result_factorization INFO:   Package C_uu nnz: 0  |  Package G_uu nnz: 2360
11:03:16 distributed.result_factorization INFO:   Assemble time: 0.017s
11:03:16 distributed.result_factorization INFO:   Detect islands time: 0.000s
11:03:16 distributed.result_factorization INFO: === Total Prepare: 10.375s ===
11:03:16 distributed.decomposition INFO: Phase 2a: DC solve for shared initial condition
11:03:16 distributed.solver DEBUG: Tile (0, 0) get_reduced_rhs:
  time: 0.385s  |  n_currents: 185999  |  rhs_norm: 13.8744
11:03:18 distributed.solver DEBUG: Tile (0, 0) get_interior_voltages:
  time: 0.769s  |  n_nodes: 972933  |  v_range: [0.655, 0.660]
11:03:18 distributed.decomposition INFO: Phase 2: QS candidate pre-selection (11 points, 0.00 ns to 4.00 ns)
11:04:07 distributed.decomposition INFO:   QS pre-selection: 6000 candidates (top 6000 of 972933 nodes by QS peak drop, factor=3000)
11:04:07 distributed.decomposition INFO: Phase 2b: Running initial transient (0.00 ns to 4.00 ns, dt=0.010 ns, tracking 6000 candidates)
11:09:22 distributed.solver_td INFO: A2 step columns: 1 tiles, tiers=['chunked'], 314.029s
11:09:23 distributed.solver_td INFO: Step 1/400 (t=1.000e-11 s): max_drop=0.0040 V, total_I=102.35 mA
11:09:25 distributed.solver_td INFO: Step 11/400 (t=1.100e-10 s): max_drop=0.0027 V, total_I=102.35 mA
11:09:27 distributed.solver_td INFO: Step 21/400 (t=2.100e-10 s): max_drop=0.0027 V, total_I=102.35 mA
11:09:29 distributed.solver_td INFO: Step 31/400 (t=3.100e-10 s): max_drop=0.0027 V, total_I=102.35 mA
11:09:31 distributed.solver_td INFO: Step 41/400 (t=4.100e-10 s): max_drop=0.0348 V, total_I=537.99 mA
11:09:33 distributed.solver_td INFO: Step 51/400 (t=5.100e-10 s): max_drop=0.0029 V, total_I=102.75 mA
11:09:35 distributed.solver_td INFO: Step 61/400 (t=6.100e-10 s): max_drop=0.0027 V, total_I=102.58 mA
11:09:38 distributed.solver_td INFO: Step 71/400 (t=7.100e-10 s): max_drop=0.0027 V, total_I=102.45 mA
11:09:40 distributed.solver_td INFO: Step 81/400 (t=8.100e-10 s): max_drop=0.0027 V, total_I=102.39 mA
11:09:42 distributed.solver_td INFO: Step 91/400 (t=9.100e-10 s): max_drop=0.0027 V, total_I=102.38 mA
11:09:44 distributed.solver_td INFO: Step 101/400 (t=1.010e-09 s): max_drop=0.0127 V, total_I=243.66 mA
11:09:46 distributed.solver_td INFO: Step 111/400 (t=1.110e-09 s): max_drop=0.0069 V, total_I=104.20 mA
11:09:47 distributed.solver_td INFO: Step 121/400 (t=1.210e-09 s): max_drop=0.0029 V, total_I=102.66 mA
11:09:49 distributed.solver_td INFO: Step 131/400 (t=1.310e-09 s): max_drop=0.0027 V, total_I=102.51 mA
11:09:51 distributed.solver_td INFO: Step 141/400 (t=1.410e-09 s): max_drop=0.0027 V, total_I=102.40 mA
11:09:54 distributed.solver_td INFO: Step 151/400 (t=1.510e-09 s): max_drop=0.0027 V, total_I=102.38 mA
11:09:57 distributed.solver_td INFO: Step 161/400 (t=1.610e-09 s): max_drop=0.0027 V, total_I=102.38 mA
11:09:59 distributed.solver_td INFO: Step 171/400 (t=1.710e-09 s): max_drop=0.0051 V, total_I=103.49 mA
11:10:01 distributed.solver_td INFO: Step 181/400 (t=1.810e-09 s): max_drop=0.0027 V, total_I=102.62 mA
11:10:03 distributed.solver_td INFO: Step 191/400 (t=1.910e-09 s): max_drop=0.0027 V, total_I=102.49 mA
11:10:05 distributed.solver_td INFO: Step 201/400 (t=2.010e-09 s): max_drop=0.0027 V, total_I=102.39 mA
11:10:06 distributed.solver_td INFO: Step 211/400 (t=2.110e-09 s): max_drop=0.0027 V, total_I=102.39 mA
11:10:08 distributed.solver_td INFO: Step 221/400 (t=2.210e-09 s): max_drop=0.0027 V, total_I=102.39 mA
11:10:10 distributed.solver_td INFO: Step 231/400 (t=2.310e-09 s): max_drop=0.0341 V, total_I=186.10 mA
11:10:12 distributed.solver_td INFO: Step 241/400 (t=2.410e-09 s): max_drop=0.0034 V, total_I=102.78 mA
11:10:14 distributed.solver_td INFO: Step 251/400 (t=2.510e-09 s): max_drop=0.0028 V, total_I=102.59 mA
11:10:16 distributed.solver_td INFO: Step 261/400 (t=2.610e-09 s): max_drop=0.0027 V, total_I=102.43 mA
11:10:18 distributed.solver_td INFO: Step 271/400 (t=2.710e-09 s): max_drop=0.0027 V, total_I=102.39 mA
11:10:20 distributed.solver_td INFO: Step 281/400 (t=2.810e-09 s): max_drop=0.0027 V, total_I=102.38 mA
11:10:21 distributed.solver_td INFO: Step 291/400 (t=2.910e-09 s): max_drop=0.0327 V, total_I=387.94 mA
11:10:23 distributed.solver_td INFO: Step 301/400 (t=3.010e-09 s): max_drop=0.0030 V, total_I=103.02 mA
11:10:25 distributed.solver_td INFO: Step 311/400 (t=3.110e-09 s): max_drop=0.0027 V, total_I=102.77 mA
11:10:27 distributed.solver_td INFO: Step 321/400 (t=3.210e-09 s): max_drop=0.0027 V, total_I=102.51 mA
11:10:29 distributed.solver_td INFO: Step 331/400 (t=3.310e-09 s): max_drop=0.0027 V, total_I=102.41 mA
11:10:30 distributed.solver_td INFO: Step 341/400 (t=3.410e-09 s): max_drop=0.0027 V, total_I=102.40 mA
11:10:32 distributed.solver_td INFO: Step 351/400 (t=3.510e-09 s): max_drop=0.0192 V, total_I=404.85 mA
11:10:34 distributed.solver_td INFO: Step 361/400 (t=3.610e-09 s): max_drop=0.0056 V, total_I=103.81 mA
11:10:36 distributed.solver_td INFO: Step 371/400 (t=3.710e-09 s): max_drop=0.0030 V, total_I=102.78 mA
11:10:38 distributed.solver_td INFO: Step 381/400 (t=3.810e-09 s): max_drop=0.0027 V, total_I=102.56 mA
11:10:39 distributed.solver_td INFO: Step 391/400 (t=3.910e-09 s): max_drop=0.0027 V, total_I=102.41 mA
11:10:41 distributed.solver_td INFO: Step 400/400 (t=4.000e-09 s): max_drop=0.0027 V, total_I=102.40 mA
11:10:41 distributed.solver_td INFO: === Distributed DDM Transient Solve Statistics ===
11:10:41 distributed.solver_td INFO: Time steps: 400  |  t: [10ps, 4ns]  |  dt: 10ps  |  method: be
11:10:41 distributed.solver_td INFO: DC initial condition: 1.040s
11:10:41 distributed.solver_td INFO: Time loop: 79.03s (400 steps, avg 0.198s/step)
11:10:41 distributed.solver_td INFO:   Transient RHS:     0.097s/step (per-tile: 0.082 / 0.094 / 0.417)
11:10:41 distributed.solver_td INFO:   Assemble + solve:  0.000s/step
11:10:41 distributed.solver_td INFO:   Interior recovery:  0.100s/step
11:10:41 distributed.solver_td INFO: Peak IR-drop: 0.0882 V at t=2.280ns
11:10:41 distributed.decomposition INFO:   Peak IR-drop: 88.210 mV at t=2.280 ns
11:10:49 distributed.decomposition INFO:   Found 2 spatially-separated worst nodes (grid: X=[9890, 3249000], Y=[10000, 3456000])
11:10:49 distributed.decomposition WARNING:   2 victim(s) fell outside QS candidate set — running targeted transient to capture their waveforms (nodes: ['979000_187200_24', '1492000_369600_24'])
11:13:08 distributed.decomposition INFO: Phase 3: Waveform decomposition for 2 victims
11:13:08 distributed.decomposition INFO:   Victim 1/2: 979000_187200_24
11:15:16 distributed.decomposition INFO:     Near-only transient: 127.15 s
11:15:16 distributed.decomposition INFO:     Peak: 88.210 mV  Near: 68.011 mV (77.1%)  Far: 20.199 mV (22.9%)
11:15:16 distributed.decomposition INFO:   Victim 2/2: 1492000_369600_24
11:17:16 distributed.decomposition INFO:     Near-only transient: 119.01 s
11:17:16 distributed.decomposition INFO:     Peak: 86.455 mV  Near: 62.152 mV (71.9%)  Far: 24.303 mV (28.1%)
11:17:16 distributed.decomposition INFO: Phase 4: Adjoint aggressor analysis (top-100, method=dynamic)
11:17:16 distributed.decomposition INFO:   Adjoint for victim 1/2: 979000_187200_24
11:18:06 distributed.solver_adjoint INFO: Victim '979000_187200_24' found in tiles: [(0, 0)]
11:18:07 distributed.solver_adjoint INFO: Backward sweep: 21 steps, dt=1.00e-11 s, t_start=2.08e-09 s, T=2.28e-09 s
11:18:20 distributed.solver_adjoint INFO: Backward step 10/20 (t=2.180e-09 s)
11:18:27 distributed.solver_adjoint INFO: Backward step 20/20 (t=2.080e-09 s)
11:18:45 distributed.solver_adjoint INFO: Adjoint dynamic analysis for '979000_187200_24':
  IR-drop at T: 88.210 mV
  Self contribution: 1.817 mV (2.1%)
  Top aggressor: 969190_187200_24 (16.068 mV, 18.2%)
  Attribution efficiency: 1.000
  Total time: 38.325s
11:18:50 distributed.decomposition INFO:     Adjoint: self=1.817 mV (2.1%), near=68.011 mV, far=20.199 mV, eff=1.000
11:18:50 distributed.decomposition INFO:   Adjoint for victim 2/2: 1492000_369600_24
11:18:50 distributed.solver_adjoint INFO: Victim '1492000_369600_24' found in tiles: [(0, 0)]
11:18:50 distributed.solver_adjoint INFO: Backward sweep: 21 steps, dt=1.00e-11 s, t_start=2.08e-09 s, T=2.28e-09 s
11:19:01 distributed.solver_adjoint INFO: Backward step 10/20 (t=2.180e-09 s)
11:19:09 distributed.solver_adjoint INFO: Backward step 20/20 (t=2.080e-09 s)
11:19:25 distributed.solver_adjoint INFO: Adjoint dynamic analysis for '1492000_369600_24':
  IR-drop at T: 86.455 mV
  Self contribution: 6.998 mV (8.1%)
  Top aggressor: 1482190_369600_24 (12.590 mV, 14.6%)
  Attribution efficiency: 1.000
  Total time: 35.784s
11:19:30 distributed.decomposition INFO:     Adjoint: self=6.998 mV (8.1%), near=62.152 mV, far=24.302 mV, eff=1.000
11:19:30 distributed.decomposition INFO: Phase 5: Building result
11:19:30 distributed.decomposition INFO: Analysis complete. Timing breakdown:
11:19:30 distributed.decomposition INFO:   load_model: 27.213 s
11:19:30 distributed.decomposition INFO:   preprocess_sources: 92.136 s
11:19:30 distributed.decomposition INFO:   prepare_dc: 12.771 s
11:19:30 distributed.decomposition INFO:   prepare_transient: 10.384 s
11:19:30 distributed.decomposition INFO:   dc_solve: 2.041 s
11:19:30 distributed.decomposition INFO:   qs_victim_selection: 44.709 s
11:19:30 distributed.decomposition INFO:   initial_transient: 394.643 s
11:19:30 distributed.decomposition INFO:   collect_peaks: 5.465 s
11:19:30 distributed.decomposition INFO:   targeted_transient_missing_victims: 139.080 s
11:19:30 distributed.decomposition INFO:   waveform_decomposition: 247.816 s
11:19:30 distributed.decomposition INFO:   adjoint_analysis: 134.220 s
11:19:30 distributed.decomposition INFO:   total: 1116.756 s
11:19:31 distributed.cli INFO: Decomposition completed in 1117.410s: 2 victims analyzed
11:19:37 distributed.cli INFO: Results saved to /wv/bwdev1/patrasej/dev/sigma_dvd/mpower_testcases/minion/vcd_sdc/analysis/ir_drop_decomp/results.json
11:19:37 matplotlib DEBUG: matplotlib data path: /home/patrasej/workspace_dev2/local/miniconda3/envs/pyspice/lib/python3.10/site-packages/matplotlib/mpl-data
11:19:37 matplotlib DEBUG: CONFIGDIR=/home/patrasej/.config/matplotlib
11:19:37 matplotlib DEBUG: interactive is False
11:19:37 matplotlib DEBUG: platform is linux
11:19:37 matplotlib DEBUG: CACHEDIR=/home/patrasej/.cache/matplotlib
11:19:37 matplotlib.font_manager DEBUG: Using fontManager instance from /home/patrasej/.cache/matplotlib/fontlist-v330.json
11:19:38 matplotlib.pyplot DEBUG: Loaded backend agg version v2.2.
11:19:38 matplotlib.font_manager DEBUG: findfont: Matching sans\-serif:style=normal:variant=normal:weight=normal:stretch=normal:size=10.0.
11:19:38 matplotlib.font_manager DEBUG: findfont: score(FontEntry(fname='/home/patrasej/workspace_dev2/local/miniconda3/envs/pyspice/lib/python3.10/site-packages/matplotlib/mpl-data/fonts/ttf/DejaVuSansMono-BoldOblique.ttf', name='DejaVu Sans Mono', style='oblique', variant='normal', weight=700, stretch='normal', size='scalable')) = 11.335
11:19:38 matplotlib.font_manager DEBUG: findfont: score(FontEntry(fname='/home/patrasej/workspace_dev2/local/miniconda3/envs/pyspice/lib/python3.10/site-packages/matplotlib/mpl-data/fonts/ttf/STIXNonUniIta.ttf', name='STIXNonUnicode', style='italic', variant='normal', weight=400, stretch='normal', size='scalable')) = 11.05
11:19:38 matplotlib.font_manager DEBUG: findfont: score(FontEntry(fname='/home/patrasej/workspace_dev2/local/miniconda3/envs/pyspice/lib/python3.10/site-packages/matplotlib/mpl-data/fonts/ttf/DejaVuSansMono-Bold.ttf', name='DejaVu Sans Mono', style='normal', variant='normal', weight=700, stretch='normal', size='scalable')) = 10.335
11:19:38 matplotlib.font_manager DEBUG: findfont: score(FontEntry(fname='/home/patrasej/workspace_dev2/local/miniconda3/envs/pyspice/lib/python3.10/site-packages/matplotlib/mpl-data/fonts/ttf/DejaVuSansMono-Oblique.ttf', name='DejaVu Sans Mono', style='oblique', variant='normal', weight=400, stretch='normal', size='scalable')) = 11.05
11:19:38 matplotlib.font_manager DEBUG: findfont: score(FontEntry(fname='/home/patrasej/workspace_dev2/local/miniconda3/envs/pyspice/lib/python3.10/site-packages/matplotlib/mpl-data/fonts/ttf/cmmi10.ttf', name='cmmi10', style='normal', variant='normal', weight=400, stretch='normal', size='scalable')) = 10.05
11:19:38 matplotlib.font_manager DEBUG: findfont: score(FontEntry(fname='/home/patrasej/workspace_dev2/local/miniconda3/envs/pyspice/lib/python3.10/site-packages/matplotlib/mpl-data/fonts/ttf/cmsy10.ttf', name='cmsy10', style='normal', variant='normal', weight=400, stretch='normal', size='scalable')) = 10.05
11:19:38 matplotlib.font_manager DEBUG: findfont: score(FontEntry(fname='/home/patrasej/workspace_dev2/local/miniconda3/envs/pyspice/lib/python3.10/site-packages/matplotlib/mpl-data/fonts/ttf/DejaVuSans-Oblique.ttf', name='DejaVu Sans', style='oblique', variant='normal', weight=400, stretch='normal', size='scalable')) = 1.05
11:19:38 matplotlib.font_manager DEBUG: findfont: score(FontEntry(fname='/home/patrasej/workspace_dev2/local/miniconda3/envs/pyspice/lib/python3.10/site-packages/matplotlib/mpl-data/fonts/ttf/DejaVuSansDisplay.ttf', name='DejaVu Sans Display', style='normal', variant='normal', weight=400, stretch='normal', size='scalable')) = 10.05
11:19:38 matplotlib.font_manager DEBUG: findfont: score(FontEntry(fname='/home/patrasej/workspace_dev2/local/miniconda3/envs/pyspice/lib/python3.10/site-packages/matplotlib/mpl-data/fonts/ttf/STIXSizTwoSymReg.ttf', name='STIXSizeTwoSym', style='normal', variant='normal', weight=400, stretch='normal', size='scalable')) = 10.05
11:19:38 matplotlib.font_manager DEBUG: findfont: score(FontEntry(fname='/home/patrasej/workspace_dev2/local/miniconda3/envs/pyspice/lib/python3.10/site-packages/matplotlib/mpl-data/fonts/ttf/STIXNonUniBol.ttf', name='STIXNonUnicode', style='normal', variant='normal', weight=700, stretch='normal', size='scalable')) = 10.335
11:19:38 matplotlib.font_manager DEBUG: findfont: score(FontEntry(fname='/home/patrasej/workspace_dev2/local/miniconda3/envs/pyspice/lib/python3.10/site-packages/matplotlib/mpl-data/fonts/ttf/STIXSizOneSymReg.ttf', name='STIXSizeOneSym', style='normal', variant='normal', weight=400, stretch='normal', size='scalable')) = 10.05
11:19:38 matplotlib.font_manager DEBUG: findfont: score(FontEntry(fname='/home/patrasej/workspace_dev2/local/miniconda3/envs/pyspice/lib/python3.10/site-packages/matplotlib/mpl-data/fonts/ttf/STIXSizTwoSymBol.ttf', name='STIXSizeTwoSym', style='normal', variant='normal', weight=700, stretch='normal', size='scalable')) = 10.335
11:19:38 matplotlib.font_manager DEBUG: findfont: score(FontEntry(fname='/home/patrasej/workspace_dev2/local/miniconda3/envs/pyspice/lib/python3.10/site-packages/matplotlib/mpl-data/fonts/ttf/STIXSizFiveSymReg.ttf', name='STIXSizeFiveSym', style='normal', variant='normal', weight=400, stretch='normal', size='scalable')) = 10.05
11:19:38 matplotlib.font_manager DEBUG: findfont: score(FontEntry(fname='/home/patrasej/workspace_dev2/local/miniconda3/envs/pyspice/lib/python3.10/site-packages/matplotlib/mpl-data/fonts/ttf/DejaVuSans-Bold.ttf', name='DejaVu Sans', style='normal', variant='normal', weight=700, stretch='normal', size='scalable')) = 0.33499999999999996
11:19:38 matplotlib.font_manager DEBUG: findfont: score(FontEntry(fname='/home/patrasej/workspace_dev2/local/miniconda3/envs/pyspice/lib/python3.10/site-packages/matplotlib/mpl-data/fonts/ttf/STIXSizFourSymReg.ttf', name='STIXSizeFourSym', style='normal', variant='normal', weight=400, stretch='normal', size='scalable')) = 10.05
11:19:38 matplotlib.font_manager DEBUG: findfont: score(FontEntry(fname='/home/patrasej/workspace_dev2/local/miniconda3/envs/pyspice/lib/python3.10/site-packages/matplotlib/mpl-data/fonts/ttf/STIXNonUni.ttf', name='STIXNonUnicode', style='normal', variant='normal', weight=400, stretch='normal', size='scalable')) = 10.05
11:19:38 matplotlib.font_manager DEBUG: findfont: score(FontEntry(fname='/home/patrasej/workspace_dev2/local/miniconda3/envs/pyspice/lib/python3.10/site-packages/matplotlib/mpl-data/fonts/ttf/DejaVuSans.ttf', name='DejaVu Sans', style='normal', variant='normal', weight=400, stretch='normal', size='scalable')) = 0.05
11:19:38 matplotlib.font_manager DEBUG: findfont: score(FontEntry(fname='/home/patrasej/workspace_dev2/local/miniconda3/envs/pyspice/lib/python3.10/site-packages/matplotlib/mpl-data/fonts/ttf/DejaVuSerif-Bold.ttf', name='DejaVu Serif', style='normal', variant='normal', weight=700, stretch='normal', size='scalable')) = 10.335
11:19:38 matplotlib.font_manager DEBUG: findfont: score(FontEntry(fname='/home/patrasej/workspace_dev2/local/miniconda3/envs/pyspice/lib/python3.10/site-packages/matplotlib/mpl-data/fonts/ttf/STIXGeneral.ttf', name='STIXGeneral', style='normal', variant='normal', weight=400, stretch='normal', size='scalable')) = 10.05
11:19:38 matplotlib.font_manager DEBUG: findfont: score(FontEntry(fname='/home/patrasej/workspace_dev2/local/miniconda3/envs/pyspice/lib/python3.10/site-packages/matplotlib/mpl-data/fonts/ttf/STIXNonUniBolIta.ttf', name='STIXNonUnicode', style='italic', variant='normal', weight=700, stretch='normal', size='scalable')) = 11.335
11:19:38 matplotlib.font_manager DEBUG: findfont: score(FontEntry(fname='/home/patrasej/workspace_dev2/local/miniconda3/envs/pyspice/lib/python3.10/site-packages/matplotlib/mpl-data/fonts/ttf/STIXGeneralItalic.ttf', name='STIXGeneral', style='italic', variant='normal', weight=400, stretch='normal', size='scalable')) = 11.05
11:19:38 matplotlib.font_manager DEBUG: findfont: score(FontEntry(fname='/home/patrasej/workspace_dev2/local/miniconda3/envs/pyspice/lib/python3.10/site-packages/matplotlib/mpl-data/fonts/ttf/STIXSizOneSymBol.ttf', name='STIXSizeOneSym', style='normal', variant='normal', weight=700, stretch='normal', size='scalable')) = 10.335
11:19:38 matplotlib.font_manager DEBUG: findfont: score(FontEntry(fname='/home/patrasej/workspace_dev2/local/miniconda3/envs/pyspice/lib/python3.10/site-packages/matplotlib/mpl-data/fonts/ttf/cmss10.ttf', name='cmss10', style='normal', variant='normal', weight=400, stretch='normal', size='scalable')) = 10.05
11:19:38 matplotlib.font_manager DEBUG: findfont: score(FontEntry(fname='/home/patrasej/workspace_dev2/local/miniconda3/envs/pyspice/lib/python3.10/site-packages/matplotlib/mpl-data/fonts/ttf/cmex10.ttf', name='cmex10', style='normal', variant='normal', weight=400, stretch='normal', size='scalable')) = 10.05
11:19:38 matplotlib.font_manager DEBUG: findfont: score(FontEntry(fname='/home/patrasej/workspace_dev2/local/miniconda3/envs/pyspice/lib/python3.10/site-packages/matplotlib/mpl-data/fonts/ttf/DejaVuSans-BoldOblique.ttf', name='DejaVu Sans', style='oblique', variant='normal', weight=700, stretch='normal', size='scalable')) = 1.335
11:19:38 matplotlib.font_manager DEBUG: findfont: score(FontEntry(fname='/home/patrasej/workspace_dev2/local/miniconda3/envs/pyspice/lib/python3.10/site-packages/matplotlib/mpl-data/fonts/ttf/DejaVuSerifDisplay.ttf', name='DejaVu Serif Display', style='normal', variant='normal', weight=400, stretch='normal', size='scalable')) = 10.05
11:19:38 matplotlib.font_manager DEBUG: findfont: score(FontEntry(fname='/home/patrasej/workspace_dev2/local/miniconda3/envs/pyspice/lib/python3.10/site-packages/matplotlib/mpl-data/fonts/ttf/STIXGeneralBolIta.ttf', name='STIXGeneral', style='italic', variant='normal', weight=700, stretch='normal', size='scalable')) = 11.335
11:19:38 matplotlib.font_manager DEBUG: findfont: score(FontEntry(fname='/home/patrasej/workspace_dev2/local/miniconda3/envs/pyspice/lib/python3.10/site-packages/matplotlib/mpl-data/fonts/ttf/cmtt10.ttf', name='cmtt10', style='normal', variant='normal', weight=400, stretch='normal', size='scalable')) = 10.05
11:19:38 matplotlib.font_manager DEBUG: findfont: score(FontEntry(fname='/home/patrasej/workspace_dev2/local/miniconda3/envs/pyspice/lib/python3.10/site-packages/matplotlib/mpl-data/fonts/ttf/cmb10.ttf', name='cmb10', style='normal', variant='normal', weight=400, stretch='normal', size='scalable')) = 10.05
11:19:38 matplotlib.font_manager DEBUG: findfont: score(FontEntry(fname='/home/patrasej/workspace_dev2/local/miniconda3/envs/pyspice/lib/python3.10/site-packages/matplotlib/mpl-data/fonts/ttf/DejaVuSerif.ttf', name='DejaVu Serif', style='normal', variant='normal', weight=400, stretch='normal', size='scalable')) = 10.05
11:19:38 matplotlib.font_manager DEBUG: findfont: score(FontEntry(fname='/home/patrasej/workspace_dev2/local/miniconda3/envs/pyspice/lib/python3.10/site-packages/matplotlib/mpl-data/fonts/ttf/DejaVuSerif-BoldItalic.ttf', name='DejaVu Serif', style='italic', variant='normal', weight=700, stretch='normal', size='scalable')) = 11.335
11:19:38 matplotlib.font_manager DEBUG: findfont: score(FontEntry(fname='/home/patrasej/workspace_dev2/local/miniconda3/envs/pyspice/lib/python3.10/site-packages/matplotlib/mpl-data/fonts/ttf/cmr10.ttf', name='cmr10', style='normal', variant='normal', weight=400, stretch='normal', size='scalable')) = 10.05
11:19:38 matplotlib.font_manager DEBUG: findfont: score(FontEntry(fname='/home/patrasej/workspace_dev2/local/miniconda3/envs/pyspice/lib/python3.10/site-packages/matplotlib/mpl-data/fonts/ttf/STIXSizThreeSymReg.ttf', name='STIXSizeThreeSym', style='normal', variant='normal', weight=400, stretch='normal', size='scalable')) = 10.05
11:19:38 matplotlib.font_manager DEBUG: findfont: score(FontEntry(fname='/home/patrasej/workspace_dev2/local/miniconda3/envs/pyspice/lib/python3.10/site-packages/matplotlib/mpl-data/fonts/ttf/STIXGeneralBol.ttf', name='STIXGeneral', style='normal', variant='normal', weight=700, stretch='normal', size='scalable')) = 10.335
11:19:38 matplotlib.font_manager DEBUG: findfont: score(FontEntry(fname='/home/patrasej/workspace_dev2/local/miniconda3/envs/pyspice/lib/python3.10/site-packages/matplotlib/mpl-data/fonts/ttf/STIXSizThreeSymBol.ttf', name='STIXSizeThreeSym', style='normal', variant='normal', weight=700, stretch='normal', size='scalable')) = 10.335
11:19:38 matplotlib.font_manager DEBUG: findfont: score(FontEntry(fname='/home/patrasej/workspace_dev2/local/miniconda3/envs/pyspice/lib/python3.10/site-packages/matplotlib/mpl-data/fonts/ttf/DejaVuSerif-Italic.ttf', name='DejaVu Serif', style='italic', variant='normal', weight=400, stretch='normal', size='scalable')) = 11.05
11:19:38 matplotlib.font_manager DEBUG: findfont: score(FontEntry(fname='/home/patrasej/workspace_dev2/local/miniconda3/envs/pyspice/lib/python3.10/site-packages/matplotlib/mpl-data/fonts/ttf/STIXSizFourSymBol.ttf', name='STIXSizeFourSym', style='normal', variant='normal', weight=700, stretch='normal', size='scalable')) = 10.335
11:19:38 matplotlib.font_manager DEBUG: findfont: score(FontEntry(fname='/home/patrasej/workspace_dev2/local/miniconda3/envs/pyspice/lib/python3.10/site-packages/matplotlib/mpl-data/fonts/ttf/DejaVuSansMono.ttf', name='DejaVu Sans Mono', style='normal', variant='normal', weight=400, stretch='normal', size='scalable')) = 10.05
11:19:38 matplotlib.font_manager DEBUG: findfont: score(FontEntry(fname='/usr/share/fonts/urw-base35/C059-Roman.otf', name='C059', style='normal', variant='normal', weight=400, stretch='normal', size='scalable')) = 10.05
11:19:38 matplotlib.font_manager DEBUG: findfont: score(FontEntry(fname='/usr/share/fonts/dejavu/DejaVuSansMono.ttf', name='DejaVu Sans Mono', style='normal', variant='normal', weight=400, stretch='normal', size='scalable')) = 10.05
11:19:38 matplotlib.font_manager DEBUG: findfont: score(FontEntry(fname='/usr/share/fonts/paratype-pt-sans/PTS56F.ttf', name='PT Sans', style='italic', variant='normal', weight=400, stretch='normal', size='scalable')) = 11.05
11:19:38 matplotlib.font_manager DEBUG: findfont: score(FontEntry(fname='/usr/share/fonts/paktype-naskh-basic/PakTypeNaskhBasic.ttf', name='PakType Naskh Basic', style='normal', variant='normal', weight=400, stretch='normal', size='scalable')) = 10.05
11:19:38 matplotlib.font_manager DEBUG: findfont: score(FontEntry(fname='/usr/share/fonts/julietaula-montserrat/Montserrat-BlackItalic.otf', name='Montserrat', style='italic', variant='normal', weight=900, stretch='normal', size='scalable')) = 11.525
11:19:38 matplotlib.font_manager DEBUG: findfont: score(FontEntry(fname='/usr/share/fonts/google-noto/NotoSansMandaic-Regular.ttf', name='Noto Sans Mandaic', style='normal', variant='normal', weight=400, stretch='normal', size='scalable')) = 10.05
11:19:38 matplotlib.font_manager DEBUG: findfont: score(FontEntry(fname='/usr/share/fonts/paratype-pt-sans/PTS55F.ttf', name='PT Sans', style='normal', variant='normal', weight=400, stretch='normal', size='scalable')) = 10.05
11:19:38 matplotlib.font_manager DEBUG: findfont: score(FontEntry(fname='/usr/share/fonts/google-droid/DroidSansFallback.ttf', name='Droid Sans Fallback', style='normal', variant='normal', weight=400, stretch='normal', size='scalable')) = 10.05
11:19:38 matplotlib.font_manager DEBUG: findfont: score(FontEntry(fname='/usr/share/fonts/urw-base35/P052-BoldItalic.otf', name='P052', style='italic', variant='normal', weight=700, stretch='normal', size='scalable')) = 11.335
11:19:38 matplotlib.font_manager DEBUG: findfont: score(FontEntry(fname='/usr/share/fonts/gnu-free/FreeMonoBoldOblique.ttf', name='FreeMono', style='oblique', variant='normal', weight=700, stretch='normal', size='scalable')) = 11.335
11:19:38 matplotlib.font_manager DEBUG: findfont: score(FontEntry(fname='/usr/share/fonts/paratype-pt-sans/PTS75F.ttf', name='PT Sans', style='normal', variant='normal', weight=700, stretch='normal', size='scalable')) = 10.335
11:19:38 matplotlib.font_manager DEBUG: findfont: score(FontEntry(fname='/usr/share/fonts/julietaula-montserrat/Montserrat-ThinItalic.otf', name='Montserrat', style='italic', variant='normal', weight=250, stretch='normal', size='scalable')) = 11.1925
11:19:38 matplotlib.font_manager DEBUG: findfont: score(FontEntry(fname='/usr/share/fonts/urw-base35/P052-Roman.otf', name='P052', style='normal', variant='normal', weight=400, stretch='normal', size='scalable')) = 10.05
11:19:38 matplotlib.font_manager DEBUG: findfont: score(FontEntry(fname='/usr/share/fonts/dejavu/DejaVuSans-Oblique.ttf', name='DejaVu Sans', style='oblique', variant='normal', weight=400, stretch='normal', size='scalable')) = 1.05
11:19:38 matplotlib.font_manager DEBUG: findfont: score(FontEntry(fname='/usr/share/fonts/lklug/lklug.ttf', name='LKLUG', style='normal', variant='normal', weight=400, stretch='normal', size='scalable')) = 10.05
11:19:38 matplotlib.font_manager DEBUG: findfont: score(FontEntry(fname='/usr/share/fonts/gnu-free/FreeSerif.ttf', name='FreeSerif', style='normal', variant='normal', weight=400, stretch='normal', size='scalable')) = 10.05
11:19:38 matplotlib.font_manager DEBUG: findfont: score(FontEntry(fname='/usr/share/fonts/google-noto-cjk/NotoSerifCJK-Black.ttc', name='Noto Serif CJK JP', style='normal', variant='normal', weight=900, stretch='normal', size='scalable')) = 10.525
11:19:38 matplotlib.font_manager DEBUG: findfont: score(FontEntry(fname='/usr/share/fonts/julietaula-montserrat/Montserrat-Medium.otf', name='Montserrat', style='normal', variant='normal', weight=500, stretch='normal', size='scalable')) = 10.145
11:19:38 matplotlib.font_manager DEBUG: findfont: score(FontEntry(fname='/usr/share/fonts/julietaula-montserrat/MontserratAlternates-LightItalic.otf', name='Montserrat Alternates', style='italic', variant='normal', weight=300, stretch='normal', size='scalable')) = 11.145
11:19:38 matplotlib.font_manager DEBUG: findfont: score(FontEntry(fname='/usr/share/fonts/liberation-serif/LiberationSerif-BoldItalic.ttf', name='Liberation Serif', style='italic', variant='normal', weight=700, stretch='normal', size='scalable')) = 11.335
11:19:38 matplotlib.font_manager DEBUG: findfont: score(FontEntry(fname='/usr/share/fonts/thai-scalable/Waree-BoldOblique.ttf', name='Waree', style='oblique', variant='normal', weight=700, stretch='normal', size='scalable')) = 11.335
11:19:38 matplotlib.font_manager DEBUG: findfont: score(FontEntry(fname='/usr/share/fonts/urw-base35/NimbusMonoPS-Bold.otf', name='Nimbus Mono PS', style='normal', variant='normal', weight=700, stretch='normal', size='scalable')) = 10.335
11:19:38 matplotlib.font_manager DEBUG: findfont: score(FontEntry(fname='/usr/share/fonts/stix/STIX-Regular.otf', name='STIX', style='normal', variant='normal', weight=400, stretch='normal', size='scalable')) = 10.05
11:19:38 matplotlib.font_manager DEBUG: findfont: score(FontEntry(fname='/usr/share/fonts/dejavu/DejaVuSerif-Bold.ttf', name='DejaVu Serif', style='normal', variant='normal', weight=700, stretch='normal', size='scalable')) = 10.335
11:19:38 matplotlib.font_manager DEBUG: findfont: score(FontEntry(fname='/usr/share/fonts/google-droid/DroidSansTamil-Regular.ttf', name='Droid Sans Tamil', style='normal', variant='normal', weight=400, stretch='normal', size='scalable')) = 10.05
11:19:38 matplotlib.font_manager DEBUG: findfont: score(FontEntry(fname='/usr/share/fonts/urw-base35/NimbusRoman-Italic.otf', name='Nimbus Roman', style='italic', variant='normal', weight=400, stretch='normal', size='scalable')) = 11.05
11:19:38 matplotlib.font_manager DEBUG: findfont: score(FontEntry(fname='/usr/share/fonts/sil-padauk/Padauk-Bold.ttf', name='Padauk', style='normal', variant='normal', weight=700, stretch='normal', size='scalable')) = 10.335
11:19:38 matplotlib.font_manager DEBUG: findfont: score(FontEntry(fname='/usr/share/fonts/google-noto-cjk/NotoSerifCJK-SemiBold.ttc', name='Noto Serif CJK JP', style='normal', variant='normal', weight=600, stretch='normal', size='scalable')) = 10.24
11:19:38 matplotlib.font_manager DEBUG: findfont: score(FontEntry(fname='/usr/share/fonts/urw-base35/NimbusMonoPS-Regular.otf', name='Nimbus Mono PS', style='normal', variant='normal', weight=400, stretch='normal', size='scalable')) = 10.05
11:19:38 matplotlib.font_manager DEBUG: findfont: score(FontEntry(fname='/usr/share/fonts/sil-nuosu/NuosuSIL-Regular.ttf', name='Nuosu SIL', style='normal', variant='normal', weight=400, stretch='normal', size='scalable')) = 10.05
11:19:38 matplotlib.font_manager DEBUG: findfont: score(FontEntry(fname='/usr/share/fonts/google-noto/NotoSansSinhala-Regular.ttf', name='Noto Sans Sinhala', style='normal', variant='normal', weight=400, stretch='normal', size='scalable')) = 10.05
11:19:38 matplotlib.font_manager DEBUG: findfont: score(FontEntry(fname='/usr/share/fonts/urw-base35/URWGothic-Book.otf', name='URW Gothic', style='normal', variant='normal', weight=400, stretch='normal', size='scalable')) = 10.05
11:19:38 matplotlib.font_manager DEBUG: findfont: score(FontEntry(fname='/usr/share/fonts/google-noto-cjk/NotoSerifCJK-Bold.ttc', name='Noto Serif CJK JP', style='normal', variant='normal', weight=700, stretch='normal', size='scalable')) = 10.335
11:19:38 matplotlib.font_manager DEBUG: findfont: score(FontEntry(fname='/usr/share/fonts/google-crosextra-carlito/Carlito-Italic.ttf', name='Carlito', style='italic', variant='normal', weight=400, stretch='normal', size='scalable')) = 11.05
11:19:38 matplotlib.font_manager DEBUG: findfont: score(FontEntry(fname='/usr/share/fonts/julietaula-montserrat/Montserrat-SemiBold.otf', name='Montserrat', style='normal', variant='normal', weight=600, stretch='normal', size='scalable')) = 10.24
11:19:38 matplotlib.font_manager DEBUG: findfont: score(FontEntry(fname='/usr/share/fonts/liberation-sans/LiberationSans-BoldItalic.ttf', name='Liberation Sans', style='italic', variant='normal', weight=700, stretch='normal', size='scalable')) = 11.335
11:19:38 matplotlib.font_manager DEBUG: findfont: score(FontEntry(fname='/usr/share/fonts/julietaula-montserrat/MontserratAlternates-ExtraBold.otf', name='Montserrat Alternates', style='normal', variant='normal', weight=800, stretch='normal', size='scalable')) = 10.43
11:19:38 matplotlib.font_manager DEBUG: findfont: score(FontEntry(fname='/usr/share/fonts/liberation-sans/LiberationSans-Bold.ttf', name='Liberation Sans', style='normal', variant='normal', weight=700, stretch='normal', size='scalable')) = 10.335
11:19:38 matplotlib.font_manager DEBUG: findfont: score(FontEntry(fname='/usr/share/fonts/gnu-free/FreeMonoBold.ttf', name='FreeMono', style='normal', variant='normal', weight=700, stretch='normal', size='scalable')) = 10.335
11:19:38 matplotlib.font_manager DEBUG: findfont: score(FontEntry(fname='/usr/share/fonts/urw-base35/NimbusRoman-Regular.otf', name='Nimbus Roman', style='normal', variant='normal', weight=400, stretch='normal', size='scalable')) = 10.05
11:19:38 matplotlib.font_manager DEBUG: findfont: score(FontEntry(fname='/usr/share/fonts/urw-base35/D050000L.otf', name='D050000L', style='normal', variant='normal', weight=400, stretch='normal', size='scalable')) = 10.05
11:19:38 matplotlib.font_manager DEBUG: findfont: score(FontEntry(fname='/usr/share/fonts/julietaula-montserrat/Montserrat-Light.otf', name='Montserrat', style='normal', variant='normal', weight=300, stretch='normal', size='scalable')) = 10.145
11:19:38 matplotlib.font_manager DEBUG: findfont: score(FontEntry(fname='/usr/share/fonts/julietaula-montserrat/Montserrat-BoldItalic.otf', name='Montserrat', style='italic', variant='normal', weight=700, stretch='normal', size='scalable')) = 11.335
11:19:38 matplotlib.font_manager DEBUG: findfont: score(FontEntry(fname='/usr/share/fonts/liberation-mono/LiberationMono-Italic.ttf', name='Liberation Mono', style='italic', variant='normal', weight=400, stretch='normal', size='scalable')) = 11.05
11:19:38 matplotlib.font_manager DEBUG: findfont: score(FontEntry(fname='/usr/share/fonts/urw-base35/NimbusSansNarrow-Regular.otf', name='Nimbus Sans Narrow', style='normal', variant='normal', weight=400, stretch='condensed', size='scalable')) = 10.25
11:19:38 matplotlib.font_manager DEBUG: findfont: score(FontEntry(fname='/usr/share/fonts/urw-base35/P052-Italic.otf', name='P052', style='italic', variant='normal', weight=400, stretch='normal', size='scalable')) = 11.05
11:19:38 matplotlib.font_manager DEBUG: findfont: score(FontEntry(fname='/usr/share/fonts/paratype-pt-sans/PTS76F.ttf', name='PT Sans', style='italic', variant='normal', weight=700, stretch='normal', size='scalable')) = 11.335
11:19:38 matplotlib.font_manager DEBUG: findfont: score(FontEntry(fname='/usr/share/fonts/gnu-free/FreeSerifBoldItalic.ttf', name='FreeSerif', style='italic', variant='normal', weight=700, stretch='normal', size='scalable')) = 11.335
11:19:38 matplotlib.font_manager DEBUG: findfont: score(FontEntry(fname='/usr/share/fonts/dejavu/DejaVuSansCondensed-Oblique.ttf', name='DejaVu Sans', style='oblique', variant='normal', weight=400, stretch='condensed', size='scalable')) = 1.25
11:19:38 matplotlib.font_manager DEBUG: findfont: score(FontEntry(fname='/usr/share/fonts/urw-base35/NimbusSansNarrow-BoldOblique.otf', name='Nimbus Sans Narrow', style='oblique', variant='normal', weight=700, stretch='condensed', size='scalable')) = 11.535
11:19:38 matplotlib.font_manager DEBUG: findfont: score(FontEntry(fname='/usr/share/fonts/julietaula-montserrat/Montserrat-ExtraLight.otf', name='Montserrat', style='normal', variant='normal', weight=275, stretch='normal', size='scalable')) = 10.16875
11:19:38 matplotlib.font_manager DEBUG: findfont: score(FontEntry(fname='/usr/share/fonts/google-crosextra-caladea/Caladea-BoldItalic.ttf', name='Caladea', style='italic', variant='normal', weight=700, stretch='normal', size='scalable')) = 11.335
11:19:38 matplotlib.font_manager DEBUG: findfont: score(FontEntry(fname='/usr/share/fonts/liberation-mono/LiberationMono-Bold.ttf', name='Liberation Mono', style='normal', variant='normal', weight=700, stretch='normal', size='scalable')) = 10.335
11:19:38 matplotlib.font_manager DEBUG: findfont: score(FontEntry(fname='/usr/share/fonts/dejavu/DejaVuSerif.ttf', name='DejaVu Serif', style='normal', variant='normal', weight=400, stretch='normal', size='scalable')) = 10.05
11:19:38 matplotlib.font_manager DEBUG: findfont: score(FontEntry(fname='/usr/share/fonts/gnu-free/FreeSansOblique.ttf', name='FreeSans', style='oblique', variant='normal', weight=400, stretch='normal', size='scalable')) = 11.05
11:19:38 matplotlib.font_manager DEBUG: findfont: score(FontEntry(fname='/usr/share/fonts/urw-base35/NimbusSansNarrow-Oblique.otf', name='Nimbus Sans Narrow', style='oblique', variant='normal', weight=400, stretch='condensed', size='scalable')) = 11.25
11:19:38 matplotlib.font_manager DEBUG: findfont: score(FontEntry(fname='/usr/share/fonts/julietaula-montserrat/MontserratAlternates-SemiBoldItalic.otf', name='Montserrat Alternates', style='italic', variant='normal', weight=600, stretch='normal', size='scalable')) = 11.24
11:19:38 matplotlib.font_manager DEBUG: findfont: score(FontEntry(fname='/usr/share/fonts/urw-base35/URWGothic-BookOblique.otf', name='URW Gothic', style='oblique', variant='normal', weight=400, stretch='normal', size='scalable')) = 11.05
11:19:38 matplotlib.font_manager DEBUG: findfont: score(FontEntry(fname='/usr/share/fonts/google-noto-cjk/NotoSansCJK-Regular.ttc', name='Noto Sans CJK JP', style='normal', variant='normal', weight=400, stretch='normal', size='scalable')) = 10.05
11:19:38 matplotlib.font_manager DEBUG: findfont: score(FontEntry(fname='/usr/share/fonts/abattis-cantarell/Cantarell-Oblique.otf', name='Cantarell', style='oblique', variant='normal', weight=400, stretch='normal', size='scalable')) = 11.05
11:19:38 matplotlib.font_manager DEBUG: findfont: score(FontEntry(fname='/usr/share/fonts/dejavu/DejaVuSans-Bold.ttf', name='DejaVu Sans', style='normal', variant='normal', weight=700, stretch='normal', size='scalable')) = 0.33499999999999996
11:19:38 matplotlib.font_manager DEBUG: findfont: score(FontEntry(fname='/usr/share/fonts/urw-base35/NimbusSans-Italic.otf', name='Nimbus Sans', style='italic', variant='normal', weight=400, stretch='normal', size='scalable')) = 11.05
11:19:38 matplotlib.font_manager DEBUG: findfont: score(FontEntry(fname='/usr/share/fonts/gnu-free/FreeSansBoldOblique.ttf', name='FreeSans', style='oblique', variant='normal', weight=600, stretch='normal', size='scalable')) = 11.24
11:19:38 matplotlib.font_manager DEBUG: findfont: score(FontEntry(fname='/usr/share/fonts/dejavu/DejaVuSansMono-BoldOblique.ttf', name='DejaVu Sans Mono', style='oblique', variant='normal', weight=700, stretch='normal', size='scalable')) = 11.335
11:19:38 matplotlib.font_manager DEBUG: findfont: score(FontEntry(fname='/usr/share/fonts/julietaula-montserrat/MontserratAlternates-Thin.otf', name='Montserrat Alternates', style='normal', variant='normal', weight=250, stretch='normal', size='scalable')) = 10.1925
11:19:38 matplotlib.font_manager DEBUG: findfont: score(FontEntry(fname='/usr/share/fonts/julietaula-montserrat/Montserrat-ExtraLightItalic.otf', name='Montserrat', style='italic', variant='normal', weight=275, stretch='normal', size='scalable')) = 11.16875
11:19:38 matplotlib.font_manager DEBUG: findfont: score(FontEntry(fname='/usr/share/fonts/julietaula-montserrat/MontserratAlternates-Regular.otf', name='Montserrat Alternates', style='normal', variant='normal', weight=400, stretch='normal', size='scalable')) = 10.05
11:19:38 matplotlib.font_manager DEBUG: findfont: score(FontEntry(fname='/usr/share/fonts/abattis-cantarell/Cantarell-Regular.otf', name='Cantarell', style='normal', variant='normal', weight=400, stretch='normal', size='scalable')) = 10.05
11:19:38 matplotlib.font_manager DEBUG: findfont: score(FontEntry(fname='/usr/share/fonts/lohit-tamil/Lohit-Tamil.ttf', name='Lohit Tamil', style='normal', variant='normal', weight=400, stretch='normal', size='scalable')) = 10.05
11:19:38 matplotlib.font_manager DEBUG: findfont: score(FontEntry(fname='/usr/share/fonts/julietaula-montserrat/Montserrat-ExtraBold.otf', name='Montserrat', style='normal', variant='normal', weight=800, stretch='normal', size='scalable')) = 10.43
11:19:38 matplotlib.font_manager DEBUG: findfont: score(FontEntry(fname='/usr/share/fonts/julietaula-montserrat/Montserrat-Regular.otf', name='Montserrat', style='normal', variant='normal', weight=400, stretch='normal', size='scalable')) = 10.05
11:19:38 matplotlib.font_manager DEBUG: findfont: score(FontEntry(fname='/usr/share/fonts/urw-base35/C059-Italic.otf', name='C059', style='italic', variant='normal', weight=400, stretch='normal', size='scalable')) = 11.05
11:19:38 matplotlib.font_manager DEBUG: findfont: score(FontEntry(fname='/usr/share/fonts/google-noto-cjk/NotoSansCJK-Black.ttc', name='Noto Sans CJK JP', style='normal', variant='normal', weight=900, stretch='normal', size='scalable')) = 10.525
11:19:38 matplotlib.font_manager DEBUG: findfont: score(FontEntry(fname='/usr/share/fonts/dejavu/DejaVuSansCondensed-Bold.ttf', name='DejaVu Sans', style='normal', variant='normal', weight=700, stretch='condensed', size='scalable')) = 0.5349999999999999
11:19:38 matplotlib.font_manager DEBUG: findfont: score(FontEntry(fname='/usr/share/fonts/lohit-odia/Lohit-Odia.ttf', name='Lohit Odia', style='normal', variant='normal', weight=400, stretch='normal', size='scalable')) = 10.05
11:19:38 matplotlib.font_manager DEBUG: findfont: score(FontEntry(fname='/usr/share/fonts/liberation-serif/LiberationSerif-Bold.ttf', name='Liberation Serif', style='normal', variant='normal', weight=700, stretch='normal', size='scalable')) = 10.335
11:19:38 matplotlib.font_manager DEBUG: findfont: score(FontEntry(fname='/usr/share/fonts/liberation-mono/LiberationMono-Regular.ttf', name='Liberation Mono', style='normal', variant='normal', weight=400, stretch='normal', size='scalable')) = 10.05
11:19:38 matplotlib.font_manager DEBUG: findfont: score(FontEntry(fname='/usr/share/fonts/google-droid/DroidSansArmenian.ttf', name='Droid Sans Armenian', style='normal', variant='normal', weight=400, stretch='normal', size='scalable')) = 10.05
11:19:38 matplotlib.font_manager DEBUG: findfont: score(FontEntry(fname='/usr/share/fonts/lohit-gurmukhi/Lohit-Gurmukhi.ttf', name='Lohit Gurmukhi', style='normal', variant='normal', weight=400, stretch='normal', size='scalable')) = 10.05
11:19:38 matplotlib.font_manager DEBUG: findfont: score(FontEntry(fname='/usr/share/fonts/urw-base35/URWGothic-Demi.otf', name='URW Gothic', style='normal', variant='normal', weight=600, stretch='normal', size='scalable')) = 10.24
11:19:38 matplotlib.font_manager DEBUG: findfont: score(FontEntry(fname='/usr/share/fonts/google-crosextra-carlito/Carlito-BoldItalic.ttf', name='Carlito', style='italic', variant='normal', weight=700, stretch='normal', size='scalable')) = 11.335
11:19:38 matplotlib.font_manager DEBUG: findfont: score(FontEntry(fname='/usr/share/fonts/google-noto/NotoSansLisu-Regular.ttf', name='Noto Sans Lisu', style='normal', variant='normal', weight=400, stretch='normal', size='scalable')) = 10.05
11:19:38 matplotlib.font_manager DEBUG: findfont: score(FontEntry(fname='/usr/share/fonts/julietaula-montserrat/MontserratAlternates-Black.otf', name='Montserrat Alternates', style='normal', variant='normal', weight=900, stretch='normal', size='scalable')) = 10.525
11:19:38 matplotlib.font_manager DEBUG: findfont: score(FontEntry(fname='/usr/share/fonts/urw-base35/NimbusSansNarrow-Bold.otf', name='Nimbus Sans Narrow', style='normal', variant='normal', weight=700, stretch='condensed', size='scalable')) = 10.535
11:19:38 matplotlib.font_manager DEBUG: findfont: score(FontEntry(fname='/usr/share/fonts/lohit-telugu/Lohit-Telugu.ttf', name='Lohit Telugu', style='normal', variant='normal', weight=400, stretch='normal', size='scalable')) = 10.05
11:19:38 matplotlib.font_manager DEBUG: findfont: score(FontEntry(fname='/usr/share/fonts/smc/Meera.ttf', name='Meera', style='normal', variant='normal', weight=400, stretch='normal', size='scalable')) = 10.05
11:19:38 matplotlib.font_manager DEBUG: findfont: score(FontEntry(fname='/usr/share/fonts/liberation-serif/LiberationSerif-Regular.ttf', name='Liberation Serif', style='normal', variant='normal', weight=400, stretch='normal', size='scalable')) = 10.05
11:19:38 matplotlib.font_manager DEBUG: findfont: score(FontEntry(fname='/usr/share/fonts/urw-base35/C059-Bold.otf', name='C059', style='normal', variant='normal', weight=700, stretch='normal', size='scalable')) = 10.335
11:19:38 matplotlib.font_manager DEBUG: findfont: score(FontEntry(fname='/usr/share/fonts/google-droid/DroidSansGeorgian.ttf', name='Droid Sans Georgian', style='normal', variant='normal', weight=400, stretch='normal', size='scalable')) = 10.05
11:19:38 matplotlib.font_manager DEBUG: findfont: score(FontEntry(fname='/usr/share/fonts/liberation-sans/LiberationSans-Regular.ttf', name='Liberation Sans', style='normal', variant='normal', weight=400, stretch='normal', size='scalable')) = 10.05
11:19:38 matplotlib.font_manager DEBUG: findfont: score(FontEntry(fname='/usr/share/fonts/google-noto/NotoSansTagalog-Regular.ttf', name='Noto Sans Tagalog', style='normal', variant='normal', weight=400, stretch='normal', size='scalable')) = 10.05
11:19:38 matplotlib.font_manager DEBUG: findfont: score(FontEntry(fname='/usr/share/fonts/dejavu/DejaVuSerifCondensed-Italic.ttf', name='DejaVu Serif', style='italic', variant='normal', weight=400, stretch='condensed', size='scalable')) = 11.25
11:19:38 matplotlib.font_manager DEBUG: findfont: score(FontEntry(fname='/usr/share/fonts/google-droid/DroidSans.ttf', name='Droid Sans', style='normal', variant='normal', weight=400, stretch='normal', size='scalable')) = 10.05
11:19:38 matplotlib.font_manager DEBUG: findfont: score(FontEntry(fname='/usr/share/fonts/gnu-free/FreeSerifItalic.ttf', name='FreeSerif', style='italic', variant='normal', weight=400, stretch='normal', size='scalable')) = 11.05
11:19:38 matplotlib.font_manager DEBUG: findfont: score(FontEntry(fname='/usr/share/fonts/google-droid/DroidSansJapanese.ttf', name='Droid Sans Japanese', style='normal', variant='normal', weight=400, stretch='normal', size='scalable')) = 10.05
11:19:38 matplotlib.font_manager DEBUG: findfont: score(FontEntry(fname='/usr/share/fonts/paratype-pt-sans/PTN57F.ttf', name='PT Sans Narrow', style='normal', variant='normal', weight=400, stretch='condensed', size='scalable')) = 10.25
11:19:38 matplotlib.font_manager DEBUG: findfont: score(FontEntry(fname='/usr/share/fonts/julietaula-montserrat/Montserrat-SemiBoldItalic.otf', name='Montserrat', style='italic', variant='normal', weight=600, stretch='normal', size='scalable')) = 11.24
11:19:38 matplotlib.font_manager DEBUG: findfont: score(FontEntry(fname='/usr/share/fonts/lohit-bengali/Lohit-Bengali.ttf', name='Lohit Bengali', style='normal', variant='normal', weight=400, stretch='normal', size='scalable')) = 10.05
11:19:38 matplotlib.font_manager DEBUG: findfont: score(FontEntry(fname='/usr/share/fonts/dejavu/DejaVuSansMono-Bold.ttf', name='DejaVu Sans Mono', style='normal', variant='normal', weight=700, stretch='normal', size='scalable')) = 10.335
11:19:38 matplotlib.font_manager DEBUG: findfont: score(FontEntry(fname='/usr/share/fonts/dejavu/DejaVuSerifCondensed.ttf', name='DejaVu Serif', style='normal', variant='normal', weight=400, stretch='condensed', size='scalable')) = 10.25
11:19:38 matplotlib.font_manager DEBUG: findfont: score(FontEntry(fname='/usr/share/fonts/stix/STIX-BoldItalic.otf', name='STIX', style='italic', variant='normal', weight=700, stretch='normal', size='scalable')) = 11.335
11:19:38 matplotlib.font_manager DEBUG: findfont: score(FontEntry(fname='/usr/share/fonts/urw-base35/NimbusMonoPS-Italic.otf', name='Nimbus Mono PS', style='italic', variant='normal', weight=400, stretch='normal', size='scalable')) = 11.05
11:19:38 matplotlib.font_manager DEBUG: findfont: score(FontEntry(fname='/usr/share/fonts/dejavu/DejaVuSansMono-Oblique.ttf', name='DejaVu Sans Mono', style='oblique', variant='normal', weight=400, stretch='normal', size='scalable')) = 11.05
11:19:38 matplotlib.font_manager DEBUG: findfont: score(FontEntry(fname='/usr/share/fonts/opensymbol/opens___.ttf', name='OpenSymbol', style='normal', variant='normal', weight=400, stretch='normal', size='scalable')) = 10.05
11:19:38 matplotlib.font_manager DEBUG: findfont: score(FontEntry(fname='/usr/share/fonts/urw-base35/NimbusRoman-BoldItalic.otf', name='Nimbus Roman', style='italic', variant='normal', weight=700, stretch='normal', size='scalable')) = 11.335
11:19:38 matplotlib.font_manager DEBUG: findfont: score(FontEntry(fname='/usr/share/fonts/dejavu/DejaVuSerifCondensed-BoldItalic.ttf', name='DejaVu Serif', style='italic', variant='normal', weight=700, stretch='condensed', size='scalable')) = 11.535
11:19:38 matplotlib.font_manager DEBUG: findfont: score(FontEntry(fname='/usr/share/fonts/julietaula-montserrat/MontserratAlternates-Bold.otf', name='Montserrat Alternates', style='normal', variant='normal', weight=700, stretch='normal', size='scalable')) = 10.335
11:19:38 matplotlib.font_manager DEBUG: findfont: score(FontEntry(fname='/usr/share/fonts/dejavu/DejaVuSans.ttf', name='DejaVu Sans', style='normal', variant='normal', weight=400, stretch='normal', size='scalable')) = 0.05
11:19:38 matplotlib.font_manager DEBUG: findfont: score(FontEntry(fname='/usr/share/fonts/lohit-devanagari/Lohit-Devanagari.ttf', name='Lohit Devanagari', style='normal', variant='normal', weight=400, stretch='normal', size='scalable')) = 10.05
11:19:38 matplotlib.font_manager DEBUG: findfont: score(FontEntry(fname='/usr/share/fonts/sil-padauk/Padauk-Regular.ttf', name='Padauk', style='normal', variant='normal', weight=400, stretch='normal', size='scalable')) = 10.05
11:19:38 matplotlib.font_manager DEBUG: findfont: score(FontEntry(fname='/usr/share/fonts/julietaula-montserrat/MontserratAlternates-BlackItalic.otf', name='Montserrat Alternates', style='italic', variant='normal', weight=900, stretch='normal', size='scalable')) = 11.525
11:19:38 matplotlib.font_manager DEBUG: findfont: score(FontEntry(fname='/usr/share/fonts/google-noto/NotoSansTaiTham-Regular.ttf', name='Noto Sans Tai Tham', style='normal', variant='normal', weight=400, stretch='normal', size='scalable')) = 10.05
11:19:38 matplotlib.font_manager DEBUG: findfont: score(FontEntry(fname='/usr/share/fonts/khmeros/KhmerOS_content.ttf', name='Khmer OS Content', style='normal', variant='normal', weight=400, stretch='normal', size='scalable')) = 10.05
11:19:38 matplotlib.font_manager DEBUG: findfont: score(FontEntry(fname='/usr/share/fonts/julietaula-montserrat/MontserratAlternates-Medium.otf', name='Montserrat Alternates', style='normal', variant='normal', weight=500, stretch='normal', size='scalable')) = 10.145
11:19:38 matplotlib.font_manager DEBUG: findfont: score(FontEntry(fname='/usr/share/fonts/gnu-free/FreeSerifBold.ttf', name='FreeSerif', style='normal', variant='normal', weight=700, stretch='normal', size='scalable')) = 10.335
11:19:38 matplotlib.font_manager DEBUG: findfont: score(FontEntry(fname='/usr/share/fonts/urw-base35/URWBookman-DemiItalic.otf', name='URW Bookman', style='italic', variant='normal', weight=600, stretch='normal', size='scalable')) = 11.24
11:19:38 matplotlib.font_manager DEBUG: findfont: score(FontEntry(fname='/usr/share/fonts/julietaula-montserrat/Montserrat-ExtraBoldItalic.otf', name='Montserrat', style='italic', variant='normal', weight=800, stretch='normal', size='scalable')) = 11.43
11:19:38 matplotlib.font_manager DEBUG: findfont: score(FontEntry(fname='/usr/share/fonts/julietaula-montserrat/MontserratAlternates-ThinItalic.otf', name='Montserrat Alternates', style='italic', variant='normal', weight=250, stretch='normal', size='scalable')) = 11.1925
11:19:38 matplotlib.font_manager DEBUG: findfont: score(FontEntry(fname='/usr/share/fonts/sil-abyssinica/AbyssinicaSIL-R.ttf', name='Abyssinica SIL', style='normal', variant='normal', weight=400, stretch='normal', size='scalable')) = 10.05
11:19:38 matplotlib.font_manager DEBUG: findfont: score(FontEntry(fname='/usr/share/fonts/julietaula-montserrat/MontserratAlternates-Italic.otf', name='Montserrat Alternates', style='italic', variant='normal', weight=400, stretch='normal', size='scalable')) = 11.05
11:19:38 matplotlib.font_manager DEBUG: findfont: score(FontEntry(fname='/usr/share/fonts/urw-base35/NimbusSans-Regular.otf', name='Nimbus Sans', style='normal', variant='normal', weight=400, stretch='normal', size='scalable')) = 10.05
11:19:38 matplotlib.font_manager DEBUG: findfont: score(FontEntry(fname='/usr/share/fonts/lohit-kannada/Lohit-Kannada.ttf', name='Lohit Kannada', style='normal', variant='normal', weight=400, stretch='normal', size='scalable')) = 10.05
11:19:38 matplotlib.font_manager DEBUG: findfont: score(FontEntry(fname='/usr/share/fonts/dejavu/DejaVuSans-BoldOblique.ttf', name='DejaVu Sans', style='oblique', variant='normal', weight=700, stretch='normal', size='scalable')) = 1.335
11:19:38 matplotlib.font_manager DEBUG: findfont: score(FontEntry(fname='/usr/share/fonts/stix/STIX-Italic.otf', name='STIX', style='italic', variant='normal', weight=400, stretch='normal', size='scalable')) = 11.05
11:19:38 matplotlib.font_manager DEBUG: findfont: score(FontEntry(fname='/usr/share/fonts/google-noto/NotoSansTaiViet-Regular.ttf', name='Noto Sans Tai Viet', style='normal', variant='normal', weight=400, stretch='normal', size='scalable')) = 10.05
11:19:38 matplotlib.font_manager DEBUG: findfont: score(FontEntry(fname='/usr/share/fonts/julietaula-montserrat/MontserratAlternates-ExtraLightItalic.otf', name='Montserrat Alternates', style='italic', variant='normal', weight=275, stretch='normal', size='scalable')) = 11.16875
11:19:38 matplotlib.font_manager DEBUG: findfont: score(FontEntry(fname='/usr/share/fonts/google-noto-cjk/NotoSansCJK-Bold.ttc', name='Noto Sans CJK JP', style='normal', variant='normal', weight=700, stretch='normal', size='scalable')) = 10.335
11:19:38 matplotlib.font_manager DEBUG: findfont: score(FontEntry(fname='/usr/share/fonts/julietaula-montserrat/MontserratAlternates-ExtraLight.otf', name='Montserrat Alternates', style='normal', variant='normal', weight=275, stretch='normal', size='scalable')) = 10.16875
11:19:38 matplotlib.font_manager DEBUG: findfont: score(FontEntry(fname='/usr/share/fonts/urw-base35/URWBookman-Light.otf', name='URW Bookman', style='normal', variant='normal', weight=300, stretch='normal', size='scalable')) = 10.145
11:19:38 matplotlib.font_manager DEBUG: findfont: score(FontEntry(fname='/usr/share/fonts/julietaula-montserrat/MontserratAlternates-BoldItalic.otf', name='Montserrat Alternates', style='italic', variant='normal', weight=700, stretch='normal', size='scalable')) = 11.335
11:19:38 matplotlib.font_manager DEBUG: findfont: score(FontEntry(fname='/usr/share/fonts/urw-base35/C059-BdIta.otf', name='C059', style='italic', variant='normal', weight=700, stretch='normal', size='scalable')) = 11.335
11:19:38 matplotlib.font_manager DEBUG: findfont: score(FontEntry(fname='/usr/share/fonts/gnu-free/FreeSans.ttf', name='FreeSans', style='normal', variant='normal', weight=400, stretch='normal', size='scalable')) = 10.05
11:19:38 matplotlib.font_manager DEBUG: findfont: score(FontEntry(fname='/usr/share/fonts/thai-scalable/Waree-Bold.ttf', name='Waree', style='normal', variant='normal', weight=700, stretch='normal', size='scalable')) = 10.335
11:19:38 matplotlib.font_manager DEBUG: findfont: score(FontEntry(fname='/usr/share/fonts/lohit-gujarati/Lohit-Gujarati.ttf', name='Lohit Gujarati', style='normal', variant='normal', weight=400, stretch='normal', size='scalable')) = 10.05
11:19:38 matplotlib.font_manager DEBUG: findfont: score(FontEntry(fname='/usr/share/fonts/google-droid/DroidSansArabic.ttf', name='Droid Sans Arabic', style='normal', variant='normal', weight=400, stretch='normal', size='scalable')) = 10.05
11:19:38 matplotlib.font_manager DEBUG: findfont: score(FontEntry(fname='/usr/share/fonts/google-droid/DroidSansDevanagari-Regular.ttf', name='Droid Sans Devanagari', style='normal', variant='normal', weight=400, stretch='normal', size='scalable')) = 10.05
11:19:38 matplotlib.font_manager DEBUG: findfont: score(FontEntry(fname='/usr/share/fonts/paratype-pt-sans/PTN77F.ttf', name='PT Sans Narrow', style='normal', variant='normal', weight=700, stretch='condensed', size='scalable')) = 10.535
11:19:38 matplotlib.font_manager DEBUG: findfont: score(FontEntry(fname='/usr/share/fonts/google-noto-cjk/NotoSansCJK-DemiLight.ttc', name='Noto Sans CJK JP', style='normal', variant='normal', weight=350, stretch='normal', size='scalable')) = 10.0975
11:19:38 matplotlib.font_manager DEBUG: findfont: score(FontEntry(fname='/usr/share/fonts/julietaula-montserrat/Montserrat-MediumItalic.otf', name='Montserrat', style='italic', variant='normal', weight=500, stretch='normal', size='scalable')) = 11.145
11:19:38 matplotlib.font_manager DEBUG: findfont: score(FontEntry(fname='/usr/share/fonts/urw-base35/URWGothic-DemiOblique.otf', name='URW Gothic', style='oblique', variant='normal', weight=600, stretch='normal', size='scalable')) = 11.24
11:19:38 matplotlib.font_manager DEBUG: findfont: score(FontEntry(fname='/usr/share/fonts/google-droid/DroidSans-Bold.ttf', name='Droid Sans', style='normal', variant='normal', weight=700, stretch='normal', size='scalable')) = 10.335
11:19:38 matplotlib.font_manager DEBUG: findfont: score(FontEntry(fname='/usr/share/fonts/google-noto/NotoSansMeeteiMayek-Regular.ttf', name='Noto Sans Meetei Mayek', style='normal', variant='normal', weight=400, stretch='normal', size='scalable')) = 10.05
11:19:38 matplotlib.font_manager DEBUG: findfont: score(FontEntry(fname='/usr/share/fonts/google-droid/DroidSansHebrew-Regular.ttf', name='Droid Sans Hebrew', style='normal', variant='normal', weight=400, stretch='normal', size='scalable')) = 10.05
11:19:38 matplotlib.font_manager DEBUG: findfont: score(FontEntry(fname='/usr/share/fonts/google-noto-emoji/NotoEmoji-Regular.ttf', name='Noto Emoji', style='normal', variant='normal', weight=400, stretch='normal', size='scalable')) = 10.05
11:19:38 matplotlib.font_manager DEBUG: findfont: score(FontEntry(fname='/usr/share/fonts/google-crosextra-caladea/Caladea-Italic.ttf', name='Caladea', style='italic', variant='normal', weight=400, stretch='normal', size='scalable')) = 11.05
11:19:38 matplotlib.font_manager DEBUG: findfont: score(FontEntry(fname='/usr/share/fonts/julietaula-montserrat/Montserrat-LightItalic.otf', name='Montserrat', style='italic', variant='normal', weight=300, stretch='normal', size='scalable')) = 11.145
11:19:38 matplotlib.font_manager DEBUG: findfont: score(FontEntry(fname='/usr/share/fonts/urw-base35/NimbusSans-Bold.otf', name='Nimbus Sans', style='normal', variant='normal', weight=700, stretch='normal', size='scalable')) = 10.335
11:19:38 matplotlib.font_manager DEBUG: findfont: score(FontEntry(fname='/usr/share/fonts/dejavu/DejaVuSerif-BoldItalic.ttf', name='DejaVu Serif', style='italic', variant='normal', weight=700, stretch='normal', size='scalable')) = 11.335
11:19:38 matplotlib.font_manager DEBUG: findfont: score(FontEntry(fname='/usr/share/fonts/liberation-serif/LiberationSerif-Italic.ttf', name='Liberation Serif', style='italic', variant='normal', weight=400, stretch='normal', size='scalable')) = 11.05
11:19:38 matplotlib.font_manager DEBUG: findfont: score(FontEntry(fname='/usr/share/fonts/google-crosextra-carlito/Carlito-Regular.ttf', name='Carlito', style='normal', variant='normal', weight=400, stretch='normal', size='scalable')) = 10.05
11:19:38 matplotlib.font_manager DEBUG: findfont: score(FontEntry(fname='/usr/share/fonts/dejavu/DejaVuSerifCondensed-Bold.ttf', name='DejaVu Serif', style='normal', variant='normal', weight=700, stretch='condensed', size='scalable')) = 10.535
11:19:38 matplotlib.font_manager DEBUG: findfont: score(FontEntry(fname='/usr/share/fonts/google-crosextra-caladea/Caladea-Bold.ttf', name='Caladea', style='normal', variant='normal', weight=700, stretch='normal', size='scalable')) = 10.335
11:19:38 matplotlib.font_manager DEBUG: findfont: score(FontEntry(fname='/usr/share/fonts/thai-scalable/Waree-Oblique.ttf', name='Waree', style='oblique', variant='normal', weight=400, stretch='normal', size='scalable')) = 11.05
11:19:38 matplotlib.font_manager DEBUG: findfont: score(FontEntry(fname='/usr/share/fonts/google-droid/DroidSansHebrew-Bold.ttf', name='Droid Sans Hebrew', style='normal', variant='normal', weight=600, stretch='normal', size='scalable')) = 10.24
11:19:38 matplotlib.font_manager DEBUG: findfont: score(FontEntry(fname='/usr/share/fonts/julietaula-montserrat/MontserratAlternates-MediumItalic.otf', name='Montserrat Alternates', style='italic', variant='normal', weight=500, stretch='normal', size='scalable')) = 11.145
11:19:38 matplotlib.font_manager DEBUG: findfont: score(FontEntry(fname='/usr/share/fonts/abattis-cantarell/Cantarell-BoldOblique.otf', name='Cantarell', style='oblique', variant='normal', weight=700, stretch='normal', size='scalable')) = 11.335
11:19:38 matplotlib.font_manager DEBUG: findfont: score(FontEntry(fname='/usr/share/fonts/google-crosextra-caladea/Caladea-Regular.ttf', name='Caladea', style='normal', variant='normal', weight=400, stretch='normal', size='scalable')) = 10.05
11:19:38 matplotlib.font_manager DEBUG: findfont: score(FontEntry(fname='/usr/share/fonts/julietaula-montserrat/MontserratAlternates-ExtraBoldItalic.otf', name='Montserrat Alternates', style='italic', variant='normal', weight=800, stretch='normal', size='scalable')) = 11.43
11:19:38 matplotlib.font_manager DEBUG: findfont: score(FontEntry(fname='/usr/share/fonts/julietaula-montserrat/Montserrat-Italic.otf', name='Montserrat', style='italic', variant='normal', weight=400, stretch='normal', size='scalable')) = 11.05
11:19:38 matplotlib.font_manager DEBUG: findfont: score(FontEntry(fname='/usr/share/fonts/abattis-cantarell/Cantarell-Bold.otf', name='Cantarell', style='normal', variant='normal', weight=700, stretch='normal', size='scalable')) = 10.335
11:19:38 matplotlib.font_manager DEBUG: findfont: score(FontEntry(fname='/usr/share/fonts/liberation-mono/LiberationMono-BoldItalic.ttf', name='Liberation Mono', style='italic', variant='normal', weight=700, stretch='normal', size='scalable')) = 11.335
11:19:38 matplotlib.font_manager DEBUG: findfont: score(FontEntry(fname='/usr/share/fonts/julietaula-montserrat/Montserrat-Black.otf', name='Montserrat', style='normal', variant='normal', weight=900, stretch='normal', size='scalable')) = 10.525
11:19:38 matplotlib.font_manager DEBUG: findfont: score(FontEntry(fname='/usr/share/fonts/google-crosextra-carlito/Carlito-Bold.ttf', name='Carlito', style='normal', variant='normal', weight=700, stretch='normal', size='scalable')) = 10.335
11:19:38 matplotlib.font_manager DEBUG: findfont: score(FontEntry(fname='/usr/share/fonts/khmeros/KhmerOS.ttf', name='Khmer OS', style='normal', variant='normal', weight=400, stretch='normal', size='scalable')) = 10.05
11:19:38 matplotlib.font_manager DEBUG: findfont: score(FontEntry(fname='/usr/share/fonts/urw-base35/URWBookman-LightItalic.otf', name='URW Bookman', style='italic', variant='normal', weight=300, stretch='normal', size='scalable')) = 11.145
11:19:38 matplotlib.font_manager DEBUG: findfont: score(FontEntry(fname='/usr/share/fonts/thai-scalable/Waree.ttf', name='Waree', style='normal', variant='normal', weight=400, stretch='normal', size='scalable')) = 10.05
11:19:38 matplotlib.font_manager DEBUG: findfont: score(FontEntry(fname='/usr/share/fonts/dejavu/DejaVuSansCondensed.ttf', name='DejaVu Sans', style='normal', variant='normal', weight=400, stretch='condensed', size='scalable')) = 0.25
11:19:38 matplotlib.font_manager DEBUG: findfont: score(FontEntry(fname='/usr/share/fonts/dejavu/DejaVuSerif-Italic.ttf', name='DejaVu Serif', style='italic', variant='normal', weight=400, stretch='normal', size='scalable')) = 11.05
11:19:38 matplotlib.font_manager DEBUG: findfont: score(FontEntry(fname='/usr/share/fonts/urw-base35/NimbusRoman-Bold.otf', name='Nimbus Roman', style='normal', variant='normal', weight=700, stretch='normal', size='scalable')) = 10.335
11:19:38 matplotlib.font_manager DEBUG: findfont: score(FontEntry(fname='/usr/share/fonts/google-noto-cjk/NotoSansCJK-Light.ttc', name='Noto Sans CJK JP', style='normal', variant='normal', weight=300, stretch='normal', size='scalable')) = 10.145
11:19:38 matplotlib.font_manager DEBUG: findfont: score(FontEntry(fname='/usr/share/fonts/lohit-assamese/Lohit-Assamese.ttf', name='Lohit Assamese', style='normal', variant='normal', weight=400, stretch='normal', size='scalable')) = 10.05
11:19:38 matplotlib.font_manager DEBUG: findfont: score(FontEntry(fname='/usr/share/fonts/khmeros/KhmerOS_sys.ttf', name='Khmer OS System', style='normal', variant='normal', weight=400, stretch='normal', size='scalable')) = 10.05
11:19:38 matplotlib.font_manager DEBUG: findfont: score(FontEntry(fname='/usr/share/fonts/julietaula-montserrat/Montserrat-Bold.otf', name='Montserrat', style='normal', variant='normal', weight=700, stretch='normal', size='scalable')) = 10.335
11:19:38 matplotlib.font_manager DEBUG: findfont: score(FontEntry(fname='/usr/share/fonts/gnu-free/FreeMonoOblique.ttf', name='FreeMono', style='oblique', variant='normal', weight=400, stretch='normal', size='scalable')) = 11.05
11:19:38 matplotlib.font_manager DEBUG: findfont: score(FontEntry(fname='/usr/share/fonts/urw-base35/URWBookman-Demi.otf', name='URW Bookman', style='normal', variant='normal', weight=600, stretch='normal', size='scalable')) = 10.24
11:19:38 matplotlib.font_manager DEBUG: findfont: score(FontEntry(fname='/usr/share/fonts/julietaula-montserrat/Montserrat-Thin.otf', name='Montserrat', style='normal', variant='normal', weight=250, stretch='normal', size='scalable')) = 10.1925
11:19:38 matplotlib.font_manager DEBUG: findfont: score(FontEntry(fname='/usr/share/fonts/google-droid/DroidSansEthiopic-Regular.ttf', name='Droid Sans Ethiopic', style='normal', variant='normal', weight=400, stretch='normal', size='scalable')) = 10.05
11:19:38 matplotlib.font_manager DEBUG: findfont: score(FontEntry(fname='/usr/share/fonts/dejavu/DejaVuSans-ExtraLight.ttf', name='DejaVu Sans', style='normal', variant='normal', weight=200, stretch='normal', size='scalable')) = 0.24
11:19:38 matplotlib.font_manager DEBUG: findfont: score(FontEntry(fname='/usr/share/fonts/stix/STIX-Bold.otf', name='STIX', style='normal', variant='normal', weight=700, stretch='normal', size='scalable')) = 10.335
11:19:38 matplotlib.font_manager DEBUG: findfont: score(FontEntry(fname='/usr/share/fonts/urw-base35/NimbusSans-BoldItalic.otf', name='Nimbus Sans', style='italic', variant='normal', weight=700, stretch='normal', size='scalable')) = 11.335
11:19:38 matplotlib.font_manager DEBUG: findfont: score(FontEntry(fname='/usr/share/fonts/julietaula-montserrat/MontserratAlternates-SemiBold.otf', name='Montserrat Alternates', style='normal', variant='normal', weight=600, stretch='normal', size='scalable')) = 10.24
11:19:38 matplotlib.font_manager DEBUG: findfont: score(FontEntry(fname='/usr/share/fonts/dejavu/DejaVuSansCondensed-BoldOblique.ttf', name='DejaVu Sans', style='oblique', variant='normal', weight=700, stretch='condensed', size='scalable')) = 1.535
11:19:38 matplotlib.font_manager DEBUG: findfont: score(FontEntry(fname='/usr/share/fonts/gnu-free/FreeSansBold.ttf', name='FreeSans', style='normal', variant='normal', weight=600, stretch='normal', size='scalable')) = 10.24
11:19:38 matplotlib.font_manager DEBUG: findfont: score(FontEntry(fname='/usr/share/fonts/urw-base35/Z003-MediumItalic.otf', name='Z003', style='italic', variant='normal', weight=500, stretch='normal', size='scalable')) = 11.145
11:19:38 matplotlib.font_manager DEBUG: findfont: score(FontEntry(fname='/usr/share/fonts/google-noto-cjk/NotoSansCJK-Thin.ttc', name='Noto Sans CJK JP', style='normal', variant='normal', weight=100, stretch='normal', size='scalable')) = 10.335
11:19:38 matplotlib.font_manager DEBUG: findfont: score(FontEntry(fname='/usr/share/fonts/google-noto/NotoSansSinhala-Bold.ttf', name='Noto Sans Sinhala', style='normal', variant='normal', weight=700, stretch='normal', size='scalable')) = 10.335
11:19:38 matplotlib.font_manager DEBUG: findfont: score(FontEntry(fname='/usr/share/fonts/google-noto-cjk/NotoSansCJK-Medium.ttc', name='Noto Sans CJK JP', style='normal', variant='normal', weight=500, stretch='normal', size='scalable')) = 10.145
11:19:38 matplotlib.font_manager DEBUG: findfont: score(FontEntry(fname='/usr/share/fonts/urw-base35/P052-Bold.otf', name='P052', style='normal', variant='normal', weight=700, stretch='normal', size='scalable')) = 10.335
11:19:38 matplotlib.font_manager DEBUG: findfont: score(FontEntry(fname='/usr/share/fonts/google-noto-cjk/NotoSerifCJK-ExtraLight.ttc', name='Noto Serif CJK JP', style='normal', variant='normal', weight=200, stretch='normal', size='scalable')) = 10.24
11:19:38 matplotlib.font_manager DEBUG: findfont: score(FontEntry(fname='/usr/share/fonts/julietaula-montserrat/MontserratAlternates-Light.otf', name='Montserrat Alternates', style='normal', variant='normal', weight=300, stretch='normal', size='scalable')) = 10.145
11:19:38 matplotlib.font_manager DEBUG: findfont: score(FontEntry(fname='/usr/share/fonts/jomolhari/Jomolhari-alpha3c-0605331.ttf', name='Jomolhari', style='normal', variant='normal', weight=400, stretch='normal', size='scalable')) = 10.05
11:19:38 matplotlib.font_manager DEBUG: findfont: score(FontEntry(fname='/usr/share/fonts/liberation-sans/LiberationSans-Italic.ttf', name='Liberation Sans', style='italic', variant='normal', weight=400, stretch='normal', size='scalable')) = 11.05
11:19:38 matplotlib.font_manager DEBUG: findfont: score(FontEntry(fname='/usr/share/fonts/google-noto-cjk/NotoSerifCJK-Light.ttc', name='Noto Serif CJK JP', style='normal', variant='normal', weight=300, stretch='normal', size='scalable')) = 10.145
11:19:38 matplotlib.font_manager DEBUG: findfont: score(FontEntry(fname='/usr/share/fonts/google-noto-cjk/NotoSerifCJK-Medium.ttc', name='Noto Serif CJK JP', style='normal', variant='normal', weight=500, stretch='normal', size='scalable')) = 10.145
11:19:38 matplotlib.font_manager DEBUG: findfont: score(FontEntry(fname='/usr/share/fonts/google-noto-cjk/NotoSerifCJK-Regular.ttc', name='Noto Serif CJK JP', style='normal', variant='normal', weight=400, stretch='normal', size='scalable')) = 10.05
11:19:38 matplotlib.font_manager DEBUG: findfont: score(FontEntry(fname='/usr/share/fonts/google-droid/DroidSansTamil-Bold.ttf', name='Droid Sans Tamil', style='normal', variant='normal', weight=700, stretch='normal', size='scalable')) = 10.335
11:19:38 matplotlib.font_manager DEBUG: findfont: score(FontEntry(fname='/usr/share/fonts/gnu-free/FreeMono.ttf', name='FreeMono', style='normal', variant='normal', weight=400, stretch='normal', size='scalable')) = 10.05
11:19:38 matplotlib.font_manager DEBUG: findfont: score(FontEntry(fname='/usr/share/fonts/urw-base35/NimbusMonoPS-BoldItalic.otf', name='Nimbus Mono PS', style='italic', variant='normal', weight=700, stretch='normal', size='scalable')) = 11.335
11:19:38 matplotlib.font_manager DEBUG: findfont: score(FontEntry(fname='/usr/share/fonts/google-droid/DroidSansThai.ttf', name='Droid Sans Thai', style='normal', variant='normal', weight=400, stretch='normal', size='scalable')) = 10.05
11:19:38 matplotlib.font_manager DEBUG: findfont: score(FontEntry(fname='/usr/share/fonts/google-droid/DroidSansEthiopic-Bold.ttf', name='Droid Sans Ethiopic', style='normal', variant='normal', weight=700, stretch='normal', size='scalable')) = 10.335
11:19:38 matplotlib.font_manager DEBUG: findfont: Matching sans\-serif:style=normal:variant=normal:weight=normal:stretch=normal:size=10.0 to DejaVu Sans ('/home/patrasej/workspace_dev2/local/miniconda3/envs/pyspice/lib/python3.10/site-packages/matplotlib/mpl-data/fonts/ttf/DejaVuSans.ttf') with score of 0.050000.
11:19:38 matplotlib.font_manager DEBUG: findfont: Matching sans\-serif:style=normal:variant=normal:weight=normal:stretch=normal:size=12.0.
11:19:38 matplotlib.font_manager DEBUG: findfont: score(FontEntry(fname='/home/patrasej/workspace_dev2/local/miniconda3/envs/pyspice/lib/python3.10/site-packages/matplotlib/mpl-data/fonts/ttf/DejaVuSansMono-BoldOblique.ttf', name='DejaVu Sans Mono', style='oblique', variant='normal', weight=700, stretch='normal', size='scalable')) = 11.335
11:19:38 matplotlib.font_manager DEBUG: findfont: score(FontEntry(fname='/home/patrasej/workspace_dev2/local/miniconda3/envs/pyspice/lib/python3.10/site-packages/matplotlib/mpl-data/fonts/ttf/STIXNonUniIta.ttf', name='STIXNonUnicode', style='italic', variant='normal', weight=400, stretch='normal', size='scalable')) = 11.05
11:19:38 matplotlib.font_manager DEBUG: findfont: score(FontEntry(fname='/home/patrasej/workspace_dev2/local/miniconda3/envs/pyspice/lib/python3.10/site-packages/matplotlib/mpl-data/fonts/ttf/DejaVuSansMono-Bold.ttf', name='DejaVu Sans Mono', style='normal', variant='normal', weight=700, stretch='normal', size='scalable')) = 10.335
11:19:38 matplotlib.font_manager DEBUG: findfont: score(FontEntry(fname='/home/patrasej/workspace_dev2/local/miniconda3/envs/pyspice/lib/python3.10/site-packages/matplotlib/mpl-data/fonts/ttf/DejaVuSansMono-Oblique.ttf', name='DejaVu Sans Mono', style='oblique', variant='normal', weight=400, stretch='normal', size='scalable')) = 11.05
11:19:38 matplotlib.font_manager DEBUG: findfont: score(FontEntry(fname='/home/patrasej/workspace_dev2/local/miniconda3/envs/pyspice/lib/python3.10/site-packages/matplotlib/mpl-data/fonts/ttf/cmmi10.ttf', name='cmmi10', style='normal', variant='normal', weight=400, stretch='normal', size='scalable')) = 10.05
11:19:38 matplotlib.font_manager DEBUG: findfont: score(FontEntry(fname='/home/patrasej/workspace_dev2/local/miniconda3/envs/pyspice/lib/python3.10/site-packages/matplotlib/mpl-data/fonts/ttf/cmsy10.ttf', name='cmsy10', style='normal', variant='normal', weight=400, stretch='normal', size='scalable')) = 10.05
11:19:38 matplotlib.font_manager DEBUG: findfont: score(FontEntry(fname='/home/patrasej/workspace_dev2/local/miniconda3/envs/pyspice/lib/python3.10/site-packages/matplotlib/mpl-data/fonts/ttf/DejaVuSans-Oblique.ttf', name='DejaVu Sans', style='oblique', variant='normal', weight=400, stretch='normal', size='scalable')) = 1.05
11:19:38 matplotlib.font_manager DEBUG: findfont: score(FontEntry(fname='/home/patrasej/workspace_dev2/local/miniconda3/envs/pyspice/lib/python3.10/site-packages/matplotlib/mpl-data/fonts/ttf/DejaVuSansDisplay.ttf', name='DejaVu Sans Display', style='normal', variant='normal', weight=400, stretch='normal', size='scalable')) = 10.05
11:19:38 matplotlib.font_manager DEBUG: findfont: score(FontEntry(fname='/home/patrasej/workspace_dev2/local/miniconda3/envs/pyspice/lib/python3.10/site-packages/matplotlib/mpl-data/fonts/ttf/STIXSizTwoSymReg.ttf', name='STIXSizeTwoSym', style='normal', variant='normal', weight=400, stretch='normal', size='scalable')) = 10.05
11:19:38 matplotlib.font_manager DEBUG: findfont: score(FontEntry(fname='/home/patrasej/workspace_dev2/local/miniconda3/envs/pyspice/lib/python3.10/site-packages/matplotlib/mpl-data/fonts/ttf/STIXNonUniBol.ttf', name='STIXNonUnicode', style='normal', variant='normal', weight=700, stretch='normal', size='scalable')) = 10.335
11:19:38 matplotlib.font_manager DEBUG: findfont: score(FontEntry(fname='/home/patrasej/workspace_dev2/local/miniconda3/envs/pyspice/lib/python3.10/site-packages/matplotlib/mpl-data/fonts/ttf/STIXSizOneSymReg.ttf', name='STIXSizeOneSym', style='normal', variant='normal', weight=400, stretch='normal', size='scalable')) = 10.05
11:19:38 matplotlib.font_manager DEBUG: findfont: score(FontEntry(fname='/home/patrasej/workspace_dev2/local/miniconda3/envs/pyspice/lib/python3.10/site-packages/matplotlib/mpl-data/fonts/ttf/STIXSizTwoSymBol.ttf', name='STIXSizeTwoSym', style='normal', variant='normal', weight=700, stretch='normal', size='scalable')) = 10.335
11:19:38 matplotlib.font_manager DEBUG: findfont: score(FontEntry(fname='/home/patrasej/workspace_dev2/local/miniconda3/envs/pyspice/lib/python3.10/site-packages/matplotlib/mpl-data/fonts/ttf/STIXSizFiveSymReg.ttf', name='STIXSizeFiveSym', style='normal', variant='normal', weight=400, stretch='normal', size='scalable')) = 10.05
11:19:38 matplotlib.font_manager DEBUG: findfont: score(FontEntry(fname='/home/patrasej/workspace_dev2/local/miniconda3/envs/pyspice/lib/python3.10/site-packages/matplotlib/mpl-data/fonts/ttf/DejaVuSans-Bold.ttf', name='DejaVu Sans', style='normal', variant='normal', weight=700, stretch='normal', size='scalable')) = 0.33499999999999996
11:19:38 matplotlib.font_manager DEBUG: findfont: score(FontEntry(fname='/home/patrasej/workspace_dev2/local/miniconda3/envs/pyspice/lib/python3.10/site-packages/matplotlib/mpl-data/fonts/ttf/STIXSizFourSymReg.ttf', name='STIXSizeFourSym', style='normal', variant='normal', weight=400, stretch='normal', size='scalable')) = 10.05
11:19:38 matplotlib.font_manager DEBUG: findfont: score(FontEntry(fname='/home/patrasej/workspace_dev2/local/miniconda3/envs/pyspice/lib/python3.10/site-packages/matplotlib/mpl-data/fonts/ttf/STIXNonUni.ttf', name='STIXNonUnicode', style='normal', variant='normal', weight=400, stretch='normal', size='scalable')) = 10.05
11:19:38 matplotlib.font_manager DEBUG: findfont: score(FontEntry(fname='/home/patrasej/workspace_dev2/local/miniconda3/envs/pyspice/lib/python3.10/site-packages/matplotlib/mpl-data/fonts/ttf/DejaVuSans.ttf', name='DejaVu Sans', style='normal', variant='normal', weight=400, stretch='normal', size='scalable')) = 0.05
11:19:38 matplotlib.font_manager DEBUG: findfont: score(FontEntry(fname='/home/patrasej/workspace_dev2/local/miniconda3/envs/pyspice/lib/python3.10/site-packages/matplotlib/mpl-data/fonts/ttf/DejaVuSerif-Bold.ttf', name='DejaVu Serif', style='normal', variant='normal', weight=700, stretch='normal', size='scalable')) = 10.335
11:19:38 matplotlib.font_manager DEBUG: findfont: score(FontEntry(fname='/home/patrasej/workspace_dev2/local/miniconda3/envs/pyspice/lib/python3.10/site-packages/matplotlib/mpl-data/fonts/ttf/STIXGeneral.ttf', name='STIXGeneral', style='normal', variant='normal', weight=400, stretch='normal', size='scalable')) = 10.05
11:19:38 matplotlib.font_manager DEBUG: findfont: score(FontEntry(fname='/home/patrasej/workspace_dev2/local/miniconda3/envs/pyspice/lib/python3.10/site-packages/matplotlib/mpl-data/fonts/ttf/STIXNonUniBolIta.ttf', name='STIXNonUnicode', style='italic', variant='normal', weight=700, stretch='normal', size='scalable')) = 11.335
11:19:38 matplotlib.font_manager DEBUG: findfont: score(FontEntry(fname='/home/patrasej/workspace_dev2/local/miniconda3/envs/pyspice/lib/python3.10/site-packages/matplotlib/mpl-data/fonts/ttf/STIXGeneralItalic.ttf', name='STIXGeneral', style='italic', variant='normal', weight=400, stretch='normal', size='scalable')) = 11.05
11:19:38 matplotlib.font_manager DEBUG: findfont: score(FontEntry(fname='/home/patrasej/workspace_dev2/local/miniconda3/envs/pyspice/lib/python3.10/site-packages/matplotlib/mpl-data/fonts/ttf/STIXSizOneSymBol.ttf', name='STIXSizeOneSym', style='normal', variant='normal', weight=700, stretch='normal', size='scalable')) = 10.335
11:19:38 matplotlib.font_manager DEBUG: findfont: score(FontEntry(fname='/home/patrasej/workspace_dev2/local/miniconda3/envs/pyspice/lib/python3.10/site-packages/matplotlib/mpl-data/fonts/ttf/cmss10.ttf', name='cmss10', style='normal', variant='normal', weight=400, stretch='normal', size='scalable')) = 10.05
11:19:38 matplotlib.font_manager DEBUG: findfont: score(FontEntry(fname='/home/patrasej/workspace_dev2/local/miniconda3/envs/pyspice/lib/python3.10/site-packages/matplotlib/mpl-data/fonts/ttf/cmex10.ttf', name='cmex10', style='normal', variant='normal', weight=400, stretch='normal', size='scalable')) = 10.05
11:19:38 matplotlib.font_manager DEBUG: findfont: score(FontEntry(fname='/home/patrasej/workspace_dev2/local/miniconda3/envs/pyspice/lib/python3.10/site-packages/matplotlib/mpl-data/fonts/ttf/DejaVuSans-BoldOblique.ttf', name='DejaVu Sans', style='oblique', variant='normal', weight=700, stretch='normal', size='scalable')) = 1.335
11:19:38 matplotlib.font_manager DEBUG: findfont: score(FontEntry(fname='/home/patrasej/workspace_dev2/local/miniconda3/envs/pyspice/lib/python3.10/site-packages/matplotlib/mpl-data/fonts/ttf/DejaVuSerifDisplay.ttf', name='DejaVu Serif Display', style='normal', variant='normal', weight=400, stretch='normal', size='scalable')) = 10.05
11:19:38 matplotlib.font_manager DEBUG: findfont: score(FontEntry(fname='/home/patrasej/workspace_dev2/local/miniconda3/envs/pyspice/lib/python3.10/site-packages/matplotlib/mpl-data/fonts/ttf/STIXGeneralBolIta.ttf', name='STIXGeneral', style='italic', variant='normal', weight=700, stretch='normal', size='scalable')) = 11.335
11:19:38 matplotlib.font_manager DEBUG: findfont: score(FontEntry(fname='/home/patrasej/workspace_dev2/local/miniconda3/envs/pyspice/lib/python3.10/site-packages/matplotlib/mpl-data/fonts/ttf/cmtt10.ttf', name='cmtt10', style='normal', variant='normal', weight=400, stretch='normal', size='scalable')) = 10.05
11:19:38 matplotlib.font_manager DEBUG: findfont: score(FontEntry(fname='/home/patrasej/workspace_dev2/local/miniconda3/envs/pyspice/lib/python3.10/site-packages/matplotlib/mpl-data/fonts/ttf/cmb10.ttf', name='cmb10', style='normal', variant='normal', weight=400, stretch='normal', size='scalable')) = 10.05
11:19:38 matplotlib.font_manager DEBUG: findfont: score(FontEntry(fname='/home/patrasej/workspace_dev2/local/miniconda3/envs/pyspice/lib/python3.10/site-packages/matplotlib/mpl-data/fonts/ttf/DejaVuSerif.ttf', name='DejaVu Serif', style='normal', variant='normal', weight=400, stretch='normal', size='scalable')) = 10.05
11:19:38 matplotlib.font_manager DEBUG: findfont: score(FontEntry(fname='/home/patrasej/workspace_dev2/local/miniconda3/envs/pyspice/lib/python3.10/site-packages/matplotlib/mpl-data/fonts/ttf/DejaVuSerif-BoldItalic.ttf', name='DejaVu Serif', style='italic', variant='normal', weight=700, stretch='normal', size='scalable')) = 11.335
11:19:38 matplotlib.font_manager DEBUG: findfont: score(FontEntry(fname='/home/patrasej/workspace_dev2/local/miniconda3/envs/pyspice/lib/python3.10/site-packages/matplotlib/mpl-data/fonts/ttf/cmr10.ttf', name='cmr10', style='normal', variant='normal', weight=400, stretch='normal', size='scalable')) = 10.05
11:19:38 matplotlib.font_manager DEBUG: findfont: score(FontEntry(fname='/home/patrasej/workspace_dev2/local/miniconda3/envs/pyspice/lib/python3.10/site-packages/matplotlib/mpl-data/fonts/ttf/STIXSizThreeSymReg.ttf', name='STIXSizeThreeSym', style='normal', variant='normal', weight=400, stretch='normal', size='scalable')) = 10.05
11:19:38 matplotlib.font_manager DEBUG: findfont: score(FontEntry(fname='/home/patrasej/workspace_dev2/local/miniconda3/envs/pyspice/lib/python3.10/site-packages/matplotlib/mpl-data/fonts/ttf/STIXGeneralBol.ttf', name='STIXGeneral', style='normal', variant='normal', weight=700, stretch='normal', size='scalable')) = 10.335
11:19:38 matplotlib.font_manager DEBUG: findfont: score(FontEntry(fname='/home/patrasej/workspace_dev2/local/miniconda3/envs/pyspice/lib/python3.10/site-packages/matplotlib/mpl-data/fonts/ttf/STIXSizThreeSymBol.ttf', name='STIXSizeThreeSym', style='normal', variant='normal', weight=700, stretch='normal', size='scalable')) = 10.335
11:19:38 matplotlib.font_manager DEBUG: findfont: score(FontEntry(fname='/home/patrasej/workspace_dev2/local/miniconda3/envs/pyspice/lib/python3.10/site-packages/matplotlib/mpl-data/fonts/ttf/DejaVuSerif-Italic.ttf', name='DejaVu Serif', style='italic', variant='normal', weight=400, stretch='normal', size='scalable')) = 11.05
11:19:38 matplotlib.font_manager DEBUG: findfont: score(FontEntry(fname='/home/patrasej/workspace_dev2/local/miniconda3/envs/pyspice/lib/python3.10/site-packages/matplotlib/mpl-data/fonts/ttf/STIXSizFourSymBol.ttf', name='STIXSizeFourSym', style='normal', variant='normal', weight=700, stretch='normal', size='scalable')) = 10.335
11:19:38 matplotlib.font_manager DEBUG: findfont: score(FontEntry(fname='/home/patrasej/workspace_dev2/local/miniconda3/envs/pyspice/lib/python3.10/site-packages/matplotlib/mpl-data/fonts/ttf/DejaVuSansMono.ttf', name='DejaVu Sans Mono', style='normal', variant='normal', weight=400, stretch='normal', size='scalable')) = 10.05
11:19:38 matplotlib.font_manager DEBUG: findfont: score(FontEntry(fname='/usr/share/fonts/urw-base35/C059-Roman.otf', name='C059', style='normal', variant='normal', weight=400, stretch='normal', size='scalable')) = 10.05
11:19:38 matplotlib.font_manager DEBUG: findfont: score(FontEntry(fname='/usr/share/fonts/dejavu/DejaVuSansMono.ttf', name='DejaVu Sans Mono', style='normal', variant='normal', weight=400, stretch='normal', size='scalable')) = 10.05
11:19:38 matplotlib.font_manager DEBUG: findfont: score(FontEntry(fname='/usr/share/fonts/paratype-pt-sans/PTS56F.ttf', name='PT Sans', style='italic', variant='normal', weight=400, stretch='normal', size='scalable')) = 11.05
11:19:38 matplotlib.font_manager DEBUG: findfont: score(FontEntry(fname='/usr/share/fonts/paktype-naskh-basic/PakTypeNaskhBasic.ttf', name='PakType Naskh Basic', style='normal', variant='normal', weight=400, stretch='normal', size='scalable')) = 10.05
11:19:38 matplotlib.font_manager DEBUG: findfont: score(FontEntry(fname='/usr/share/fonts/julietaula-montserrat/Montserrat-BlackItalic.otf', name='Montserrat', style='italic', variant='normal', weight=900, stretch='normal', size='scalable')) = 11.525
11:19:38 matplotlib.font_manager DEBUG: findfont: score(FontEntry(fname='/usr/share/fonts/google-noto/NotoSansMandaic-Regular.ttf', name='Noto Sans Mandaic', style='normal', variant='normal', weight=400, stretch='normal', size='scalable')) = 10.05
11:19:38 matplotlib.font_manager DEBUG: findfont: score(FontEntry(fname='/usr/share/fonts/paratype-pt-sans/PTS55F.ttf', name='PT Sans', style='normal', variant='normal', weight=400, stretch='normal', size='scalable')) = 10.05
11:19:38 matplotlib.font_manager DEBUG: findfont: score(FontEntry(fname='/usr/share/fonts/google-droid/DroidSansFallback.ttf', name='Droid Sans Fallback', style='normal', variant='normal', weight=400, stretch='normal', size='scalable')) = 10.05
11:19:38 matplotlib.font_manager DEBUG: findfont: score(FontEntry(fname='/usr/share/fonts/urw-base35/P052-BoldItalic.otf', name='P052', style='italic', variant='normal', weight=700, stretch='normal', size='scalable')) = 11.335
11:19:38 matplotlib.font_manager DEBUG: findfont: score(FontEntry(fname='/usr/share/fonts/gnu-free/FreeMonoBoldOblique.ttf', name='FreeMono', style='oblique', variant='normal', weight=700, stretch='normal', size='scalable')) = 11.335
11:19:38 matplotlib.font_manager DEBUG: findfont: score(FontEntry(fname='/usr/share/fonts/paratype-pt-sans/PTS75F.ttf', name='PT Sans', style='normal', variant='normal', weight=700, stretch='normal', size='scalable')) = 10.335
11:19:38 matplotlib.font_manager DEBUG: findfont: score(FontEntry(fname='/usr/share/fonts/julietaula-montserrat/Montserrat-ThinItalic.otf', name='Montserrat', style='italic', variant='normal', weight=250, stretch='normal', size='scalable')) = 11.1925
11:19:38 matplotlib.font_manager DEBUG: findfont: score(FontEntry(fname='/usr/share/fonts/urw-base35/P052-Roman.otf', name='P052', style='normal', variant='normal', weight=400, stretch='normal', size='scalable')) = 10.05
11:19:38 matplotlib.font_manager DEBUG: findfont: score(FontEntry(fname='/usr/share/fonts/dejavu/DejaVuSans-Oblique.ttf', name='DejaVu Sans', style='oblique', variant='normal', weight=400, stretch='normal', size='scalable')) = 1.05
11:19:38 matplotlib.font_manager DEBUG: findfont: score(FontEntry(fname='/usr/share/fonts/lklug/lklug.ttf', name='LKLUG', style='normal', variant='normal', weight=400, stretch='normal', size='scalable')) = 10.05
11:19:38 matplotlib.font_manager DEBUG: findfont: score(FontEntry(fname='/usr/share/fonts/gnu-free/FreeSerif.ttf', name='FreeSerif', style='normal', variant='normal', weight=400, stretch='normal', size='scalable')) = 10.05
11:19:38 matplotlib.font_manager DEBUG: findfont: score(FontEntry(fname='/usr/share/fonts/google-noto-cjk/NotoSerifCJK-Black.ttc', name='Noto Serif CJK JP', style='normal', variant='normal', weight=900, stretch='normal', size='scalable')) = 10.525
11:19:38 matplotlib.font_manager DEBUG: findfont: score(FontEntry(fname='/usr/share/fonts/julietaula-montserrat/Montserrat-Medium.otf', name='Montserrat', style='normal', variant='normal', weight=500, stretch='normal', size='scalable')) = 10.145
11:19:38 matplotlib.font_manager DEBUG: findfont: score(FontEntry(fname='/usr/share/fonts/julietaula-montserrat/MontserratAlternates-LightItalic.otf', name='Montserrat Alternates', style='italic', variant='normal', weight=300, stretch='normal', size='scalable')) = 11.145
11:19:38 matplotlib.font_manager DEBUG: findfont: score(FontEntry(fname='/usr/share/fonts/liberation-serif/LiberationSerif-BoldItalic.ttf', name='Liberation Serif', style='italic', variant='normal', weight=700, stretch='normal', size='scalable')) = 11.335
11:19:38 matplotlib.font_manager DEBUG: findfont: score(FontEntry(fname='/usr/share/fonts/thai-scalable/Waree-BoldOblique.ttf', name='Waree', style='oblique', variant='normal', weight=700, stretch='normal', size='scalable')) = 11.335
11:19:38 matplotlib.font_manager DEBUG: findfont: score(FontEntry(fname='/usr/share/fonts/urw-base35/NimbusMonoPS-Bold.otf', name='Nimbus Mono PS', style='normal', variant='normal', weight=700, stretch='normal', size='scalable')) = 10.335
11:19:38 matplotlib.font_manager DEBUG: findfont: score(FontEntry(fname='/usr/share/fonts/stix/STIX-Regular.otf', name='STIX', style='normal', variant='normal', weight=400, stretch='normal', size='scalable')) = 10.05
11:19:38 matplotlib.font_manager DEBUG: findfont: score(FontEntry(fname='/usr/share/fonts/dejavu/DejaVuSerif-Bold.ttf', name='DejaVu Serif', style='normal', variant='normal', weight=700, stretch='normal', size='scalable')) = 10.335
11:19:38 matplotlib.font_manager DEBUG: findfont: score(FontEntry(fname='/usr/share/fonts/google-droid/DroidSansTamil-Regular.ttf', name='Droid Sans Tamil', style='normal', variant='normal', weight=400, stretch='normal', size='scalable')) = 10.05
11:19:38 matplotlib.font_manager DEBUG: findfont: score(FontEntry(fname='/usr/share/fonts/urw-base35/NimbusRoman-Italic.otf', name='Nimbus Roman', style='italic', variant='normal', weight=400, stretch='normal', size='scalable')) = 11.05
11:19:38 matplotlib.font_manager DEBUG: findfont: score(FontEntry(fname='/usr/share/fonts/sil-padauk/Padauk-Bold.ttf', name='Padauk', style='normal', variant='normal', weight=700, stretch='normal', size='scalable')) = 10.335
11:19:38 matplotlib.font_manager DEBUG: findfont: score(FontEntry(fname='/usr/share/fonts/google-noto-cjk/NotoSerifCJK-SemiBold.ttc', name='Noto Serif CJK JP', style='normal', variant='normal', weight=600, stretch='normal', size='scalable')) = 10.24
11:19:38 matplotlib.font_manager DEBUG: findfont: score(FontEntry(fname='/usr/share/fonts/urw-base35/NimbusMonoPS-Regular.otf', name='Nimbus Mono PS', style='normal', variant='normal', weight=400, stretch='normal', size='scalable')) = 10.05
11:19:38 matplotlib.font_manager DEBUG: findfont: score(FontEntry(fname='/usr/share/fonts/sil-nuosu/NuosuSIL-Regular.ttf', name='Nuosu SIL', style='normal', variant='normal', weight=400, stretch='normal', size='scalable')) = 10.05
11:19:38 matplotlib.font_manager DEBUG: findfont: score(FontEntry(fname='/usr/share/fonts/google-noto/NotoSansSinhala-Regular.ttf', name='Noto Sans Sinhala', style='normal', variant='normal', weight=400, stretch='normal', size='scalable')) = 10.05
11:19:38 matplotlib.font_manager DEBUG: findfont: score(FontEntry(fname='/usr/share/fonts/urw-base35/URWGothic-Book.otf', name='URW Gothic', style='normal', variant='normal', weight=400, stretch='normal', size='scalable')) = 10.05
11:19:38 matplotlib.font_manager DEBUG: findfont: score(FontEntry(fname='/usr/share/fonts/google-noto-cjk/NotoSerifCJK-Bold.ttc', name='Noto Serif CJK JP', style='normal', variant='normal', weight=700, stretch='normal', size='scalable')) = 10.335
11:19:38 matplotlib.font_manager DEBUG: findfont: score(FontEntry(fname='/usr/share/fonts/google-crosextra-carlito/Carlito-Italic.ttf', name='Carlito', style='italic', variant='normal', weight=400, stretch='normal', size='scalable')) = 11.05
11:19:38 matplotlib.font_manager DEBUG: findfont: score(FontEntry(fname='/usr/share/fonts/julietaula-montserrat/Montserrat-SemiBold.otf', name='Montserrat', style='normal', variant='normal', weight=600, stretch='normal', size='scalable')) = 10.24
11:19:38 matplotlib.font_manager DEBUG: findfont: score(FontEntry(fname='/usr/share/fonts/liberation-sans/LiberationSans-BoldItalic.ttf', name='Liberation Sans', style='italic', variant='normal', weight=700, stretch='normal', size='scalable')) = 11.335
11:19:38 matplotlib.font_manager DEBUG: findfont: score(FontEntry(fname='/usr/share/fonts/julietaula-montserrat/MontserratAlternates-ExtraBold.otf', name='Montserrat Alternates', style='normal', variant='normal', weight=800, stretch='normal', size='scalable')) = 10.43
11:19:38 matplotlib.font_manager DEBUG: findfont: score(FontEntry(fname='/usr/share/fonts/liberation-sans/LiberationSans-Bold.ttf', name='Liberation Sans', style='normal', variant='normal', weight=700, stretch='normal', size='scalable')) = 10.335
11:19:38 matplotlib.font_manager DEBUG: findfont: score(FontEntry(fname='/usr/share/fonts/gnu-free/FreeMonoBold.ttf', name='FreeMono', style='normal', variant='normal', weight=700, stretch='normal', size='scalable')) = 10.335
11:19:38 matplotlib.font_manager DEBUG: findfont: score(FontEntry(fname='/usr/share/fonts/urw-base35/NimbusRoman-Regular.otf', name='Nimbus Roman', style='normal', variant='normal', weight=400, stretch='normal', size='scalable')) = 10.05
11:19:38 matplotlib.font_manager DEBUG: findfont: score(FontEntry(fname='/usr/share/fonts/urw-base35/D050000L.otf', name='D050000L', style='normal', variant='normal', weight=400, stretch='normal', size='scalable')) = 10.05
11:19:38 matplotlib.font_manager DEBUG: findfont: score(FontEntry(fname='/usr/share/fonts/julietaula-montserrat/Montserrat-Light.otf', name='Montserrat', style='normal', variant='normal', weight=300, stretch='normal', size='scalable')) = 10.145
11:19:38 matplotlib.font_manager DEBUG: findfont: score(FontEntry(fname='/usr/share/fonts/julietaula-montserrat/Montserrat-BoldItalic.otf', name='Montserrat', style='italic', variant='normal', weight=700, stretch='normal', size='scalable')) = 11.335
11:19:38 matplotlib.font_manager DEBUG: findfont: score(FontEntry(fname='/usr/share/fonts/liberation-mono/LiberationMono-Italic.ttf', name='Liberation Mono', style='italic', variant='normal', weight=400, stretch='normal', size='scalable')) = 11.05
11:19:38 matplotlib.font_manager DEBUG: findfont: score(FontEntry(fname='/usr/share/fonts/urw-base35/NimbusSansNarrow-Regular.otf', name='Nimbus Sans Narrow', style='normal', variant='normal', weight=400, stretch='condensed', size='scalable')) = 10.25
11:19:38 matplotlib.font_manager DEBUG: findfont: score(FontEntry(fname='/usr/share/fonts/urw-base35/P052-Italic.otf', name='P052', style='italic', variant='normal', weight=400, stretch='normal', size='scalable')) = 11.05
11:19:38 matplotlib.font_manager DEBUG: findfont: score(FontEntry(fname='/usr/share/fonts/paratype-pt-sans/PTS76F.ttf', name='PT Sans', style='italic', variant='normal', weight=700, stretch='normal', size='scalable')) = 11.335
11:19:38 matplotlib.font_manager DEBUG: findfont: score(FontEntry(fname='/usr/share/fonts/gnu-free/FreeSerifBoldItalic.ttf', name='FreeSerif', style='italic', variant='normal', weight=700, stretch='normal', size='scalable')) = 11.335
11:19:38 matplotlib.font_manager DEBUG: findfont: score(FontEntry(fname='/usr/share/fonts/dejavu/DejaVuSansCondensed-Oblique.ttf', name='DejaVu Sans', style='oblique', variant='normal', weight=400, stretch='condensed', size='scalable')) = 1.25
11:19:38 matplotlib.font_manager DEBUG: findfont: score(FontEntry(fname='/usr/share/fonts/urw-base35/NimbusSansNarrow-BoldOblique.otf', name='Nimbus Sans Narrow', style='oblique', variant='normal', weight=700, stretch='condensed', size='scalable')) = 11.535
11:19:38 matplotlib.font_manager DEBUG: findfont: score(FontEntry(fname='/usr/share/fonts/julietaula-montserrat/Montserrat-ExtraLight.otf', name='Montserrat', style='normal', variant='normal', weight=275, stretch='normal', size='scalable')) = 10.16875
11:19:38 matplotlib.font_manager DEBUG: findfont: score(FontEntry(fname='/usr/share/fonts/google-crosextra-caladea/Caladea-BoldItalic.ttf', name='Caladea', style='italic', variant='normal', weight=700, stretch='normal', size='scalable')) = 11.335
11:19:38 matplotlib.font_manager DEBUG: findfont: score(FontEntry(fname='/usr/share/fonts/liberation-mono/LiberationMono-Bold.ttf', name='Liberation Mono', style='normal', variant='normal', weight=700, stretch='normal', size='scalable')) = 10.335
11:19:38 matplotlib.font_manager DEBUG: findfont: score(FontEntry(fname='/usr/share/fonts/dejavu/DejaVuSerif.ttf', name='DejaVu Serif', style='normal', variant='normal', weight=400, stretch='normal', size='scalable')) = 10.05
11:19:38 matplotlib.font_manager DEBUG: findfont: score(FontEntry(fname='/usr/share/fonts/gnu-free/FreeSansOblique.ttf', name='FreeSans', style='oblique', variant='normal', weight=400, stretch='normal', size='scalable')) = 11.05
11:19:38 matplotlib.font_manager DEBUG: findfont: score(FontEntry(fname='/usr/share/fonts/urw-base35/NimbusSansNarrow-Oblique.otf', name='Nimbus Sans Narrow', style='oblique', variant='normal', weight=400, stretch='condensed', size='scalable')) = 11.25
11:19:38 matplotlib.font_manager DEBUG: findfont: score(FontEntry(fname='/usr/share/fonts/julietaula-montserrat/MontserratAlternates-SemiBoldItalic.otf', name='Montserrat Alternates', style='italic', variant='normal', weight=600, stretch='normal', size='scalable')) = 11.24
11:19:38 matplotlib.font_manager DEBUG: findfont: score(FontEntry(fname='/usr/share/fonts/urw-base35/URWGothic-BookOblique.otf', name='URW Gothic', style='oblique', variant='normal', weight=400, stretch='normal', size='scalable')) = 11.05
11:19:38 matplotlib.font_manager DEBUG: findfont: score(FontEntry(fname='/usr/share/fonts/google-noto-cjk/NotoSansCJK-Regular.ttc', name='Noto Sans CJK JP', style='normal', variant='normal', weight=400, stretch='normal', size='scalable')) = 10.05
11:19:38 matplotlib.font_manager DEBUG: findfont: score(FontEntry(fname='/usr/share/fonts/abattis-cantarell/Cantarell-Oblique.otf', name='Cantarell', style='oblique', variant='normal', weight=400, stretch='normal', size='scalable')) = 11.05
11:19:38 matplotlib.font_manager DEBUG: findfont: score(FontEntry(fname='/usr/share/fonts/dejavu/DejaVuSans-Bold.ttf', name='DejaVu Sans', style='normal', variant='normal', weight=700, stretch='normal', size='scalable')) = 0.33499999999999996
11:19:38 matplotlib.font_manager DEBUG: findfont: score(FontEntry(fname='/usr/share/fonts/urw-base35/NimbusSans-Italic.otf', name='Nimbus Sans', style='italic', variant='normal', weight=400, stretch='normal', size='scalable')) = 11.05
11:19:38 matplotlib.font_manager DEBUG: findfont: score(FontEntry(fname='/usr/share/fonts/gnu-free/FreeSansBoldOblique.ttf', name='FreeSans', style='oblique', variant='normal', weight=600, stretch='normal', size='scalable')) = 11.24
11:19:38 matplotlib.font_manager DEBUG: findfont: score(FontEntry(fname='/usr/share/fonts/dejavu/DejaVuSansMono-BoldOblique.ttf', name='DejaVu Sans Mono', style='oblique', variant='normal', weight=700, stretch='normal', size='scalable')) = 11.335
11:19:38 matplotlib.font_manager DEBUG: findfont: score(FontEntry(fname='/usr/share/fonts/julietaula-montserrat/MontserratAlternates-Thin.otf', name='Montserrat Alternates', style='normal', variant='normal', weight=250, stretch='normal', size='scalable')) = 10.1925
11:19:38 matplotlib.font_manager DEBUG: findfont: score(FontEntry(fname='/usr/share/fonts/julietaula-montserrat/Montserrat-ExtraLightItalic.otf', name='Montserrat', style='italic', variant='normal', weight=275, stretch='normal', size='scalable')) = 11.16875
11:19:38 matplotlib.font_manager DEBUG: findfont: score(FontEntry(fname='/usr/share/fonts/julietaula-montserrat/MontserratAlternates-Regular.otf', name='Montserrat Alternates', style='normal', variant='normal', weight=400, stretch='normal', size='scalable')) = 10.05
11:19:38 matplotlib.font_manager DEBUG: findfont: score(FontEntry(fname='/usr/share/fonts/abattis-cantarell/Cantarell-Regular.otf', name='Cantarell', style='normal', variant='normal', weight=400, stretch='normal', size='scalable')) = 10.05
11:19:38 matplotlib.font_manager DEBUG: findfont: score(FontEntry(fname='/usr/share/fonts/lohit-tamil/Lohit-Tamil.ttf', name='Lohit Tamil', style='normal', variant='normal', weight=400, stretch='normal', size='scalable')) = 10.05
11:19:38 matplotlib.font_manager DEBUG: findfont: score(FontEntry(fname='/usr/share/fonts/julietaula-montserrat/Montserrat-ExtraBold.otf', name='Montserrat', style='normal', variant='normal', weight=800, stretch='normal', size='scalable')) = 10.43
11:19:38 matplotlib.font_manager DEBUG: findfont: score(FontEntry(fname='/usr/share/fonts/julietaula-montserrat/Montserrat-Regular.otf', name='Montserrat', style='normal', variant='normal', weight=400, stretch='normal', size='scalable')) = 10.05
11:19:38 matplotlib.font_manager DEBUG: findfont: score(FontEntry(fname='/usr/share/fonts/urw-base35/C059-Italic.otf', name='C059', style='italic', variant='normal', weight=400, stretch='normal', size='scalable')) = 11.05
11:19:38 matplotlib.font_manager DEBUG: findfont: score(FontEntry(fname='/usr/share/fonts/google-noto-cjk/NotoSansCJK-Black.ttc', name='Noto Sans CJK JP', style='normal', variant='normal', weight=900, stretch='normal', size='scalable')) = 10.525
11:19:38 matplotlib.font_manager DEBUG: findfont: score(FontEntry(fname='/usr/share/fonts/dejavu/DejaVuSansCondensed-Bold.ttf', name='DejaVu Sans', style='normal', variant='normal', weight=700, stretch='condensed', size='scalable')) = 0.5349999999999999
11:19:38 matplotlib.font_manager DEBUG: findfont: score(FontEntry(fname='/usr/share/fonts/lohit-odia/Lohit-Odia.ttf', name='Lohit Odia', style='normal', variant='normal', weight=400, stretch='normal', size='scalable')) = 10.05
11:19:38 matplotlib.font_manager DEBUG: findfont: score(FontEntry(fname='/usr/share/fonts/liberation-serif/LiberationSerif-Bold.ttf', name='Liberation Serif', style='normal', variant='normal', weight=700, stretch='normal', size='scalable')) = 10.335
11:19:38 matplotlib.font_manager DEBUG: findfont: score(FontEntry(fname='/usr/share/fonts/liberation-mono/LiberationMono-Regular.ttf', name='Liberation Mono', style='normal', variant='normal', weight=400, stretch='normal', size='scalable')) = 10.05
11:19:38 matplotlib.font_manager DEBUG: findfont: score(FontEntry(fname='/usr/share/fonts/google-droid/DroidSansArmenian.ttf', name='Droid Sans Armenian', style='normal', variant='normal', weight=400, stretch='normal', size='scalable')) = 10.05
11:19:38 matplotlib.font_manager DEBUG: findfont: score(FontEntry(fname='/usr/share/fonts/lohit-gurmukhi/Lohit-Gurmukhi.ttf', name='Lohit Gurmukhi', style='normal', variant='normal', weight=400, stretch='normal', size='scalable')) = 10.05
11:19:38 matplotlib.font_manager DEBUG: findfont: score(FontEntry(fname='/usr/share/fonts/urw-base35/URWGothic-Demi.otf', name='URW Gothic', style='normal', variant='normal', weight=600, stretch='normal', size='scalable')) = 10.24
11:19:38 matplotlib.font_manager DEBUG: findfont: score(FontEntry(fname='/usr/share/fonts/google-crosextra-carlito/Carlito-BoldItalic.ttf', name='Carlito', style='italic', variant='normal', weight=700, stretch='normal', size='scalable')) = 11.335
11:19:38 matplotlib.font_manager DEBUG: findfont: score(FontEntry(fname='/usr/share/fonts/google-noto/NotoSansLisu-Regular.ttf', name='Noto Sans Lisu', style='normal', variant='normal', weight=400, stretch='normal', size='scalable')) = 10.05
11:19:38 matplotlib.font_manager DEBUG: findfont: score(FontEntry(fname='/usr/share/fonts/julietaula-montserrat/MontserratAlternates-Black.otf', name='Montserrat Alternates', style='normal', variant='normal', weight=900, stretch='normal', size='scalable')) = 10.525
11:19:38 matplotlib.font_manager DEBUG: findfont: score(FontEntry(fname='/usr/share/fonts/urw-base35/NimbusSansNarrow-Bold.otf', name='Nimbus Sans Narrow', style='normal', variant='normal', weight=700, stretch='condensed', size='scalable')) = 10.535
11:19:38 matplotlib.font_manager DEBUG: findfont: score(FontEntry(fname='/usr/share/fonts/lohit-telugu/Lohit-Telugu.ttf', name='Lohit Telugu', style='normal', variant='normal', weight=400, stretch='normal', size='scalable')) = 10.05
11:19:38 matplotlib.font_manager DEBUG: findfont: score(FontEntry(fname='/usr/share/fonts/smc/Meera.ttf', name='Meera', style='normal', variant='normal', weight=400, stretch='normal', size='scalable')) = 10.05
11:19:38 matplotlib.font_manager DEBUG: findfont: score(FontEntry(fname='/usr/share/fonts/liberation-serif/LiberationSerif-Regular.ttf', name='Liberation Serif', style='normal', variant='normal', weight=400, stretch='normal', size='scalable')) = 10.05
11:19:38 matplotlib.font_manager DEBUG: findfont: score(FontEntry(fname='/usr/share/fonts/urw-base35/C059-Bold.otf', name='C059', style='normal', variant='normal', weight=700, stretch='normal', size='scalable')) = 10.335
11:19:38 matplotlib.font_manager DEBUG: findfont: score(FontEntry(fname='/usr/share/fonts/google-droid/DroidSansGeorgian.ttf', name='Droid Sans Georgian', style='normal', variant='normal', weight=400, stretch='normal', size='scalable')) = 10.05
11:19:38 matplotlib.font_manager DEBUG: findfont: score(FontEntry(fname='/usr/share/fonts/liberation-sans/LiberationSans-Regular.ttf', name='Liberation Sans', style='normal', variant='normal', weight=400, stretch='normal', size='scalable')) = 10.05
11:19:38 matplotlib.font_manager DEBUG: findfont: score(FontEntry(fname='/usr/share/fonts/google-noto/NotoSansTagalog-Regular.ttf', name='Noto Sans Tagalog', style='normal', variant='normal', weight=400, stretch='normal', size='scalable')) = 10.05
11:19:38 matplotlib.font_manager DEBUG: findfont: score(FontEntry(fname='/usr/share/fonts/dejavu/DejaVuSerifCondensed-Italic.ttf', name='DejaVu Serif', style='italic', variant='normal', weight=400, stretch='condensed', size='scalable')) = 11.25
11:19:38 matplotlib.font_manager DEBUG: findfont: score(FontEntry(fname='/usr/share/fonts/google-droid/DroidSans.ttf', name='Droid Sans', style='normal', variant='normal', weight=400, stretch='normal', size='scalable')) = 10.05
11:19:38 matplotlib.font_manager DEBUG: findfont: score(FontEntry(fname='/usr/share/fonts/gnu-free/FreeSerifItalic.ttf', name='FreeSerif', style='italic', variant='normal', weight=400, stretch='normal', size='scalable')) = 11.05
11:19:38 matplotlib.font_manager DEBUG: findfont: score(FontEntry(fname='/usr/share/fonts/google-droid/DroidSansJapanese.ttf', name='Droid Sans Japanese', style='normal', variant='normal', weight=400, stretch='normal', size='scalable')) = 10.05
11:19:38 matplotlib.font_manager DEBUG: findfont: score(FontEntry(fname='/usr/share/fonts/paratype-pt-sans/PTN57F.ttf', name='PT Sans Narrow', style='normal', variant='normal', weight=400, stretch='condensed', size='scalable')) = 10.25
11:19:38 matplotlib.font_manager DEBUG: findfont: score(FontEntry(fname='/usr/share/fonts/julietaula-montserrat/Montserrat-SemiBoldItalic.otf', name='Montserrat', style='italic', variant='normal', weight=600, stretch='normal', size='scalable')) = 11.24
11:19:38 matplotlib.font_manager DEBUG: findfont: score(FontEntry(fname='/usr/share/fonts/lohit-bengali/Lohit-Bengali.ttf', name='Lohit Bengali', style='normal', variant='normal', weight=400, stretch='normal', size='scalable')) = 10.05
11:19:38 matplotlib.font_manager DEBUG: findfont: score(FontEntry(fname='/usr/share/fonts/dejavu/DejaVuSansMono-Bold.ttf', name='DejaVu Sans Mono', style='normal', variant='normal', weight=700, stretch='normal', size='scalable')) = 10.335
11:19:38 matplotlib.font_manager DEBUG: findfont: score(FontEntry(fname='/usr/share/fonts/dejavu/DejaVuSerifCondensed.ttf', name='DejaVu Serif', style='normal', variant='normal', weight=400, stretch='condensed', size='scalable')) = 10.25
11:19:38 matplotlib.font_manager DEBUG: findfont: score(FontEntry(fname='/usr/share/fonts/stix/STIX-BoldItalic.otf', name='STIX', style='italic', variant='normal', weight=700, stretch='normal', size='scalable')) = 11.335
11:19:38 matplotlib.font_manager DEBUG: findfont: score(FontEntry(fname='/usr/share/fonts/urw-base35/NimbusMonoPS-Italic.otf', name='Nimbus Mono PS', style='italic', variant='normal', weight=400, stretch='normal', size='scalable')) = 11.05
11:19:38 matplotlib.font_manager DEBUG: findfont: score(FontEntry(fname='/usr/share/fonts/dejavu/DejaVuSansMono-Oblique.ttf', name='DejaVu Sans Mono', style='oblique', variant='normal', weight=400, stretch='normal', size='scalable')) = 11.05
11:19:38 matplotlib.font_manager DEBUG: findfont: score(FontEntry(fname='/usr/share/fonts/opensymbol/opens___.ttf', name='OpenSymbol', style='normal', variant='normal', weight=400, stretch='normal', size='scalable')) = 10.05
11:19:38 matplotlib.font_manager DEBUG: findfont: score(FontEntry(fname='/usr/share/fonts/urw-base35/NimbusRoman-BoldItalic.otf', name='Nimbus Roman', style='italic', variant='normal', weight=700, stretch='normal', size='scalable')) = 11.335
11:19:38 matplotlib.font_manager DEBUG: findfont: score(FontEntry(fname='/usr/share/fonts/dejavu/DejaVuSerifCondensed-BoldItalic.ttf', name='DejaVu Serif', style='italic', variant='normal', weight=700, stretch='condensed', size='scalable')) = 11.535
11:19:38 matplotlib.font_manager DEBUG: findfont: score(FontEntry(fname='/usr/share/fonts/julietaula-montserrat/MontserratAlternates-Bold.otf', name='Montserrat Alternates', style='normal', variant='normal', weight=700, stretch='normal', size='scalable')) = 10.335
11:19:38 matplotlib.font_manager DEBUG: findfont: score(FontEntry(fname='/usr/share/fonts/dejavu/DejaVuSans.ttf', name='DejaVu Sans', style='normal', variant='normal', weight=400, stretch='normal', size='scalable')) = 0.05
11:19:38 matplotlib.font_manager DEBUG: findfont: score(FontEntry(fname='/usr/share/fonts/lohit-devanagari/Lohit-Devanagari.ttf', name='Lohit Devanagari', style='normal', variant='normal', weight=400, stretch='normal', size='scalable')) = 10.05
11:19:38 matplotlib.font_manager DEBUG: findfont: score(FontEntry(fname='/usr/share/fonts/sil-padauk/Padauk-Regular.ttf', name='Padauk', style='normal', variant='normal', weight=400, stretch='normal', size='scalable')) = 10.05
11:19:38 matplotlib.font_manager DEBUG: findfont: score(FontEntry(fname='/usr/share/fonts/julietaula-montserrat/MontserratAlternates-BlackItalic.otf', name='Montserrat Alternates', style='italic', variant='normal', weight=900, stretch='normal', size='scalable')) = 11.525
11:19:38 matplotlib.font_manager DEBUG: findfont: score(FontEntry(fname='/usr/share/fonts/google-noto/NotoSansTaiTham-Regular.ttf', name='Noto Sans Tai Tham', style='normal', variant='normal', weight=400, stretch='normal', size='scalable')) = 10.05
11:19:38 matplotlib.font_manager DEBUG: findfont: score(FontEntry(fname='/usr/share/fonts/khmeros/KhmerOS_content.ttf', name='Khmer OS Content', style='normal', variant='normal', weight=400, stretch='normal', size='scalable')) = 10.05
11:19:38 matplotlib.font_manager DEBUG: findfont: score(FontEntry(fname='/usr/share/fonts/julietaula-montserrat/MontserratAlternates-Medium.otf', name='Montserrat Alternates', style='normal', variant='normal', weight=500, stretch='normal', size='scalable')) = 10.145
11:19:38 matplotlib.font_manager DEBUG: findfont: score(FontEntry(fname='/usr/share/fonts/gnu-free/FreeSerifBold.ttf', name='FreeSerif', style='normal', variant='normal', weight=700, stretch='normal', size='scalable')) = 10.335
11:19:38 matplotlib.font_manager DEBUG: findfont: score(FontEntry(fname='/usr/share/fonts/urw-base35/URWBookman-DemiItalic.otf', name='URW Bookman', style='italic', variant='normal', weight=600, stretch='normal', size='scalable')) = 11.24
11:19:38 matplotlib.font_manager DEBUG: findfont: score(FontEntry(fname='/usr/share/fonts/julietaula-montserrat/Montserrat-ExtraBoldItalic.otf', name='Montserrat', style='italic', variant='normal', weight=800, stretch='normal', size='scalable')) = 11.43
11:19:38 matplotlib.font_manager DEBUG: findfont: score(FontEntry(fname='/usr/share/fonts/julietaula-montserrat/MontserratAlternates-ThinItalic.otf', name='Montserrat Alternates', style='italic', variant='normal', weight=250, stretch='normal', size='scalable')) = 11.1925
11:19:38 matplotlib.font_manager DEBUG: findfont: score(FontEntry(fname='/usr/share/fonts/sil-abyssinica/AbyssinicaSIL-R.ttf', name='Abyssinica SIL', style='normal', variant='normal', weight=400, stretch='normal', size='scalable')) = 10.05
11:19:38 matplotlib.font_manager DEBUG: findfont: score(FontEntry(fname='/usr/share/fonts/julietaula-montserrat/MontserratAlternates-Italic.otf', name='Montserrat Alternates', style='italic', variant='normal', weight=400, stretch='normal', size='scalable')) = 11.05
11:19:38 matplotlib.font_manager DEBUG: findfont: score(FontEntry(fname='/usr/share/fonts/urw-base35/NimbusSans-Regular.otf', name='Nimbus Sans', style='normal', variant='normal', weight=400, stretch='normal', size='scalable')) = 10.05
11:19:38 matplotlib.font_manager DEBUG: findfont: score(FontEntry(fname='/usr/share/fonts/lohit-kannada/Lohit-Kannada.ttf', name='Lohit Kannada', style='normal', variant='normal', weight=400, stretch='normal', size='scalable')) = 10.05
11:19:38 matplotlib.font_manager DEBUG: findfont: score(FontEntry(fname='/usr/share/fonts/dejavu/DejaVuSans-BoldOblique.ttf', name='DejaVu Sans', style='oblique', variant='normal', weight=700, stretch='normal', size='scalable')) = 1.335
11:19:38 matplotlib.font_manager DEBUG: findfont: score(FontEntry(fname='/usr/share/fonts/stix/STIX-Italic.otf', name='STIX', style='italic', variant='normal', weight=400, stretch='normal', size='scalable')) = 11.05
11:19:38 matplotlib.font_manager DEBUG: findfont: score(FontEntry(fname='/usr/share/fonts/google-noto/NotoSansTaiViet-Regular.ttf', name='Noto Sans Tai Viet', style='normal', variant='normal', weight=400, stretch='normal', size='scalable')) = 10.05
11:19:38 matplotlib.font_manager DEBUG: findfont: score(FontEntry(fname='/usr/share/fonts/julietaula-montserrat/MontserratAlternates-ExtraLightItalic.otf', name='Montserrat Alternates', style='italic', variant='normal', weight=275, stretch='normal', size='scalable')) = 11.16875
11:19:38 matplotlib.font_manager DEBUG: findfont: score(FontEntry(fname='/usr/share/fonts/google-noto-cjk/NotoSansCJK-Bold.ttc', name='Noto Sans CJK JP', style='normal', variant='normal', weight=700, stretch='normal', size='scalable')) = 10.335
11:19:38 matplotlib.font_manager DEBUG: findfont: score(FontEntry(fname='/usr/share/fonts/julietaula-montserrat/MontserratAlternates-ExtraLight.otf', name='Montserrat Alternates', style='normal', variant='normal', weight=275, stretch='normal', size='scalable')) = 10.16875
11:19:38 matplotlib.font_manager DEBUG: findfont: score(FontEntry(fname='/usr/share/fonts/urw-base35/URWBookman-Light.otf', name='URW Bookman', style='normal', variant='normal', weight=300, stretch='normal', size='scalable')) = 10.145
11:19:38 matplotlib.font_manager DEBUG: findfont: score(FontEntry(fname='/usr/share/fonts/julietaula-montserrat/MontserratAlternates-BoldItalic.otf', name='Montserrat Alternates', style='italic', variant='normal', weight=700, stretch='normal', size='scalable')) = 11.335
11:19:38 matplotlib.font_manager DEBUG: findfont: score(FontEntry(fname='/usr/share/fonts/urw-base35/C059-BdIta.otf', name='C059', style='italic', variant='normal', weight=700, stretch='normal', size='scalable')) = 11.335
11:19:38 matplotlib.font_manager DEBUG: findfont: score(FontEntry(fname='/usr/share/fonts/gnu-free/FreeSans.ttf', name='FreeSans', style='normal', variant='normal', weight=400, stretch='normal', size='scalable')) = 10.05
11:19:38 matplotlib.font_manager DEBUG: findfont: score(FontEntry(fname='/usr/share/fonts/thai-scalable/Waree-Bold.ttf', name='Waree', style='normal', variant='normal', weight=700, stretch='normal', size='scalable')) = 10.335
11:19:38 matplotlib.font_manager DEBUG: findfont: score(FontEntry(fname='/usr/share/fonts/lohit-gujarati/Lohit-Gujarati.ttf', name='Lohit Gujarati', style='normal', variant='normal', weight=400, stretch='normal', size='scalable')) = 10.05
11:19:38 matplotlib.font_manager DEBUG: findfont: score(FontEntry(fname='/usr/share/fonts/google-droid/DroidSansArabic.ttf', name='Droid Sans Arabic', style='normal', variant='normal', weight=400, stretch='normal', size='scalable')) = 10.05
11:19:38 matplotlib.font_manager DEBUG: findfont: score(FontEntry(fname='/usr/share/fonts/google-droid/DroidSansDevanagari-Regular.ttf', name='Droid Sans Devanagari', style='normal', variant='normal', weight=400, stretch='normal', size='scalable')) = 10.05
11:19:38 matplotlib.font_manager DEBUG: findfont: score(FontEntry(fname='/usr/share/fonts/paratype-pt-sans/PTN77F.ttf', name='PT Sans Narrow', style='normal', variant='normal', weight=700, stretch='condensed', size='scalable')) = 10.535
11:19:38 matplotlib.font_manager DEBUG: findfont: score(FontEntry(fname='/usr/share/fonts/google-noto-cjk/NotoSansCJK-DemiLight.ttc', name='Noto Sans CJK JP', style='normal', variant='normal', weight=350, stretch='normal', size='scalable')) = 10.0975
11:19:38 matplotlib.font_manager DEBUG: findfont: score(FontEntry(fname='/usr/share/fonts/julietaula-montserrat/Montserrat-MediumItalic.otf', name='Montserrat', style='italic', variant='normal', weight=500, stretch='normal', size='scalable')) = 11.145
11:19:38 matplotlib.font_manager DEBUG: findfont: score(FontEntry(fname='/usr/share/fonts/urw-base35/URWGothic-DemiOblique.otf', name='URW Gothic', style='oblique', variant='normal', weight=600, stretch='normal', size='scalable')) = 11.24
11:19:38 matplotlib.font_manager DEBUG: findfont: score(FontEntry(fname='/usr/share/fonts/google-droid/DroidSans-Bold.ttf', name='Droid Sans', style='normal', variant='normal', weight=700, stretch='normal', size='scalable')) = 10.335
11:19:38 matplotlib.font_manager DEBUG: findfont: score(FontEntry(fname='/usr/share/fonts/google-noto/NotoSansMeeteiMayek-Regular.ttf', name='Noto Sans Meetei Mayek', style='normal', variant='normal', weight=400, stretch='normal', size='scalable')) = 10.05
11:19:38 matplotlib.font_manager DEBUG: findfont: score(FontEntry(fname='/usr/share/fonts/google-droid/DroidSansHebrew-Regular.ttf', name='Droid Sans Hebrew', style='normal', variant='normal', weight=400, stretch='normal', size='scalable')) = 10.05
11:19:38 matplotlib.font_manager DEBUG: findfont: score(FontEntry(fname='/usr/share/fonts/google-noto-emoji/NotoEmoji-Regular.ttf', name='Noto Emoji', style='normal', variant='normal', weight=400, stretch='normal', size='scalable')) = 10.05
11:19:38 matplotlib.font_manager DEBUG: findfont: score(FontEntry(fname='/usr/share/fonts/google-crosextra-caladea/Caladea-Italic.ttf', name='Caladea', style='italic', variant='normal', weight=400, stretch='normal', size='scalable')) = 11.05
11:19:38 matplotlib.font_manager DEBUG: findfont: score(FontEntry(fname='/usr/share/fonts/julietaula-montserrat/Montserrat-LightItalic.otf', name='Montserrat', style='italic', variant='normal', weight=300, stretch='normal', size='scalable')) = 11.145
11:19:38 matplotlib.font_manager DEBUG: findfont: score(FontEntry(fname='/usr/share/fonts/urw-base35/NimbusSans-Bold.otf', name='Nimbus Sans', style='normal', variant='normal', weight=700, stretch='normal', size='scalable')) = 10.335
11:19:38 matplotlib.font_manager DEBUG: findfont: score(FontEntry(fname='/usr/share/fonts/dejavu/DejaVuSerif-BoldItalic.ttf', name='DejaVu Serif', style='italic', variant='normal', weight=700, stretch='normal', size='scalable')) = 11.335
11:19:38 matplotlib.font_manager DEBUG: findfont: score(FontEntry(fname='/usr/share/fonts/liberation-serif/LiberationSerif-Italic.ttf', name='Liberation Serif', style='italic', variant='normal', weight=400, stretch='normal', size='scalable')) = 11.05
11:19:38 matplotlib.font_manager DEBUG: findfont: score(FontEntry(fname='/usr/share/fonts/google-crosextra-carlito/Carlito-Regular.ttf', name='Carlito', style='normal', variant='normal', weight=400, stretch='normal', size='scalable')) = 10.05
11:19:38 matplotlib.font_manager DEBUG: findfont: score(FontEntry(fname='/usr/share/fonts/dejavu/DejaVuSerifCondensed-Bold.ttf', name='DejaVu Serif', style='normal', variant='normal', weight=700, stretch='condensed', size='scalable')) = 10.535
11:19:38 matplotlib.font_manager DEBUG: findfont: score(FontEntry(fname='/usr/share/fonts/google-crosextra-caladea/Caladea-Bold.ttf', name='Caladea', style='normal', variant='normal', weight=700, stretch='normal', size='scalable')) = 10.335
11:19:38 matplotlib.font_manager DEBUG: findfont: score(FontEntry(fname='/usr/share/fonts/thai-scalable/Waree-Oblique.ttf', name='Waree', style='oblique', variant='normal', weight=400, stretch='normal', size='scalable')) = 11.05
11:19:38 matplotlib.font_manager DEBUG: findfont: score(FontEntry(fname='/usr/share/fonts/google-droid/DroidSansHebrew-Bold.ttf', name='Droid Sans Hebrew', style='normal', variant='normal', weight=600, stretch='normal', size='scalable')) = 10.24
11:19:38 matplotlib.font_manager DEBUG: findfont: score(FontEntry(fname='/usr/share/fonts/julietaula-montserrat/MontserratAlternates-MediumItalic.otf', name='Montserrat Alternates', style='italic', variant='normal', weight=500, stretch='normal', size='scalable')) = 11.145
11:19:38 matplotlib.font_manager DEBUG: findfont: score(FontEntry(fname='/usr/share/fonts/abattis-cantarell/Cantarell-BoldOblique.otf', name='Cantarell', style='oblique', variant='normal', weight=700, stretch='normal', size='scalable')) = 11.335
11:19:38 matplotlib.font_manager DEBUG: findfont: score(FontEntry(fname='/usr/share/fonts/google-crosextra-caladea/Caladea-Regular.ttf', name='Caladea', style='normal', variant='normal', weight=400, stretch='normal', size='scalable')) = 10.05
11:19:38 matplotlib.font_manager DEBUG: findfont: score(FontEntry(fname='/usr/share/fonts/julietaula-montserrat/MontserratAlternates-ExtraBoldItalic.otf', name='Montserrat Alternates', style='italic', variant='normal', weight=800, stretch='normal', size='scalable')) = 11.43
11:19:38 matplotlib.font_manager DEBUG: findfont: score(FontEntry(fname='/usr/share/fonts/julietaula-montserrat/Montserrat-Italic.otf', name='Montserrat', style='italic', variant='normal', weight=400, stretch='normal', size='scalable')) = 11.05
11:19:38 matplotlib.font_manager DEBUG: findfont: score(FontEntry(fname='/usr/share/fonts/abattis-cantarell/Cantarell-Bold.otf', name='Cantarell', style='normal', variant='normal', weight=700, stretch='normal', size='scalable')) = 10.335
11:19:38 matplotlib.font_manager DEBUG: findfont: score(FontEntry(fname='/usr/share/fonts/liberation-mono/LiberationMono-BoldItalic.ttf', name='Liberation Mono', style='italic', variant='normal', weight=700, stretch='normal', size='scalable')) = 11.335
11:19:38 matplotlib.font_manager DEBUG: findfont: score(FontEntry(fname='/usr/share/fonts/julietaula-montserrat/Montserrat-Black.otf', name='Montserrat', style='normal', variant='normal', weight=900, stretch='normal', size='scalable')) = 10.525
11:19:38 matplotlib.font_manager DEBUG: findfont: score(FontEntry(fname='/usr/share/fonts/google-crosextra-carlito/Carlito-Bold.ttf', name='Carlito', style='normal', variant='normal', weight=700, stretch='normal', size='scalable')) = 10.335
11:19:38 matplotlib.font_manager DEBUG: findfont: score(FontEntry(fname='/usr/share/fonts/khmeros/KhmerOS.ttf', name='Khmer OS', style='normal', variant='normal', weight=400, stretch='normal', size='scalable')) = 10.05
11:19:38 matplotlib.font_manager DEBUG: findfont: score(FontEntry(fname='/usr/share/fonts/urw-base35/URWBookman-LightItalic.otf', name='URW Bookman', style='italic', variant='normal', weight=300, stretch='normal', size='scalable')) = 11.145
11:19:38 matplotlib.font_manager DEBUG: findfont: score(FontEntry(fname='/usr/share/fonts/thai-scalable/Waree.ttf', name='Waree', style='normal', variant='normal', weight=400, stretch='normal', size='scalable')) = 10.05
11:19:38 matplotlib.font_manager DEBUG: findfont: score(FontEntry(fname='/usr/share/fonts/dejavu/DejaVuSansCondensed.ttf', name='DejaVu Sans', style='normal', variant='normal', weight=400, stretch='condensed', size='scalable')) = 0.25
11:19:38 matplotlib.font_manager DEBUG: findfont: score(FontEntry(fname='/usr/share/fonts/dejavu/DejaVuSerif-Italic.ttf', name='DejaVu Serif', style='italic', variant='normal', weight=400, stretch='normal', size='scalable')) = 11.05
11:19:38 matplotlib.font_manager DEBUG: findfont: score(FontEntry(fname='/usr/share/fonts/urw-base35/NimbusRoman-Bold.otf', name='Nimbus Roman', style='normal', variant='normal', weight=700, stretch='normal', size='scalable')) = 10.335
11:19:38 matplotlib.font_manager DEBUG: findfont: score(FontEntry(fname='/usr/share/fonts/google-noto-cjk/NotoSansCJK-Light.ttc', name='Noto Sans CJK JP', style='normal', variant='normal', weight=300, stretch='normal', size='scalable')) = 10.145
11:19:38 matplotlib.font_manager DEBUG: findfont: score(FontEntry(fname='/usr/share/fonts/lohit-assamese/Lohit-Assamese.ttf', name='Lohit Assamese', style='normal', variant='normal', weight=400, stretch='normal', size='scalable')) = 10.05
11:19:38 matplotlib.font_manager DEBUG: findfont: score(FontEntry(fname='/usr/share/fonts/khmeros/KhmerOS_sys.ttf', name='Khmer OS System', style='normal', variant='normal', weight=400, stretch='normal', size='scalable')) = 10.05
11:19:38 matplotlib.font_manager DEBUG: findfont: score(FontEntry(fname='/usr/share/fonts/julietaula-montserrat/Montserrat-Bold.otf', name='Montserrat', style='normal', variant='normal', weight=700, stretch='normal', size='scalable')) = 10.335
11:19:38 matplotlib.font_manager DEBUG: findfont: score(FontEntry(fname='/usr/share/fonts/gnu-free/FreeMonoOblique.ttf', name='FreeMono', style='oblique', variant='normal', weight=400, stretch='normal', size='scalable')) = 11.05
11:19:38 matplotlib.font_manager DEBUG: findfont: score(FontEntry(fname='/usr/share/fonts/urw-base35/URWBookman-Demi.otf', name='URW Bookman', style='normal', variant='normal', weight=600, stretch='normal', size='scalable')) = 10.24
11:19:38 matplotlib.font_manager DEBUG: findfont: score(FontEntry(fname='/usr/share/fonts/julietaula-montserrat/Montserrat-Thin.otf', name='Montserrat', style='normal', variant='normal', weight=250, stretch='normal', size='scalable')) = 10.1925
11:19:38 matplotlib.font_manager DEBUG: findfont: score(FontEntry(fname='/usr/share/fonts/google-droid/DroidSansEthiopic-Regular.ttf', name='Droid Sans Ethiopic', style='normal', variant='normal', weight=400, stretch='normal', size='scalable')) = 10.05
11:19:38 matplotlib.font_manager DEBUG: findfont: score(FontEntry(fname='/usr/share/fonts/dejavu/DejaVuSans-ExtraLight.ttf', name='DejaVu Sans', style='normal', variant='normal', weight=200, stretch='normal', size='scalable')) = 0.24
11:19:38 matplotlib.font_manager DEBUG: findfont: score(FontEntry(fname='/usr/share/fonts/stix/STIX-Bold.otf', name='STIX', style='normal', variant='normal', weight=700, stretch='normal', size='scalable')) = 10.335
11:19:38 matplotlib.font_manager DEBUG: findfont: score(FontEntry(fname='/usr/share/fonts/urw-base35/NimbusSans-BoldItalic.otf', name='Nimbus Sans', style='italic', variant='normal', weight=700, stretch='normal', size='scalable')) = 11.335
11:19:38 matplotlib.font_manager DEBUG: findfont: score(FontEntry(fname='/usr/share/fonts/julietaula-montserrat/MontserratAlternates-SemiBold.otf', name='Montserrat Alternates', style='normal', variant='normal', weight=600, stretch='normal', size='scalable')) = 10.24
11:19:38 matplotlib.font_manager DEBUG: findfont: score(FontEntry(fname='/usr/share/fonts/dejavu/DejaVuSansCondensed-BoldOblique.ttf', name='DejaVu Sans', style='oblique', variant='normal', weight=700, stretch='condensed', size='scalable')) = 1.535
11:19:38 matplotlib.font_manager DEBUG: findfont: score(FontEntry(fname='/usr/share/fonts/gnu-free/FreeSansBold.ttf', name='FreeSans', style='normal', variant='normal', weight=600, stretch='normal', size='scalable')) = 10.24
11:19:38 matplotlib.font_manager DEBUG: findfont: score(FontEntry(fname='/usr/share/fonts/urw-base35/Z003-MediumItalic.otf', name='Z003', style='italic', variant='normal', weight=500, stretch='normal', size='scalable')) = 11.145
11:19:38 matplotlib.font_manager DEBUG: findfont: score(FontEntry(fname='/usr/share/fonts/google-noto-cjk/NotoSansCJK-Thin.ttc', name='Noto Sans CJK JP', style='normal', variant='normal', weight=100, stretch='normal', size='scalable')) = 10.335
11:19:38 matplotlib.font_manager DEBUG: findfont: score(FontEntry(fname='/usr/share/fonts/google-noto/NotoSansSinhala-Bold.ttf', name='Noto Sans Sinhala', style='normal', variant='normal', weight=700, stretch='normal', size='scalable')) = 10.335
11:19:38 matplotlib.font_manager DEBUG: findfont: score(FontEntry(fname='/usr/share/fonts/google-noto-cjk/NotoSansCJK-Medium.ttc', name='Noto Sans CJK JP', style='normal', variant='normal', weight=500, stretch='normal', size='scalable')) = 10.145
11:19:38 matplotlib.font_manager DEBUG: findfont: score(FontEntry(fname='/usr/share/fonts/urw-base35/P052-Bold.otf', name='P052', style='normal', variant='normal', weight=700, stretch='normal', size='scalable')) = 10.335
11:19:38 matplotlib.font_manager DEBUG: findfont: score(FontEntry(fname='/usr/share/fonts/google-noto-cjk/NotoSerifCJK-ExtraLight.ttc', name='Noto Serif CJK JP', style='normal', variant='normal', weight=200, stretch='normal', size='scalable')) = 10.24
11:19:38 matplotlib.font_manager DEBUG: findfont: score(FontEntry(fname='/usr/share/fonts/julietaula-montserrat/MontserratAlternates-Light.otf', name='Montserrat Alternates', style='normal', variant='normal', weight=300, stretch='normal', size='scalable')) = 10.145
11:19:38 matplotlib.font_manager DEBUG: findfont: score(FontEntry(fname='/usr/share/fonts/jomolhari/Jomolhari-alpha3c-0605331.ttf', name='Jomolhari', style='normal', variant='normal', weight=400, stretch='normal', size='scalable')) = 10.05
11:19:38 matplotlib.font_manager DEBUG: findfont: score(FontEntry(fname='/usr/share/fonts/liberation-sans/LiberationSans-Italic.ttf', name='Liberation Sans', style='italic', variant='normal', weight=400, stretch='normal', size='scalable')) = 11.05
11:19:38 matplotlib.font_manager DEBUG: findfont: score(FontEntry(fname='/usr/share/fonts/google-noto-cjk/NotoSerifCJK-Light.ttc', name='Noto Serif CJK JP', style='normal', variant='normal', weight=300, stretch='normal', size='scalable')) = 10.145
11:19:38 matplotlib.font_manager DEBUG: findfont: score(FontEntry(fname='/usr/share/fonts/google-noto-cjk/NotoSerifCJK-Medium.ttc', name='Noto Serif CJK JP', style='normal', variant='normal', weight=500, stretch='normal', size='scalable')) = 10.145
11:19:38 matplotlib.font_manager DEBUG: findfont: score(FontEntry(fname='/usr/share/fonts/google-noto-cjk/NotoSerifCJK-Regular.ttc', name='Noto Serif CJK JP', style='normal', variant='normal', weight=400, stretch='normal', size='scalable')) = 10.05
11:19:38 matplotlib.font_manager DEBUG: findfont: score(FontEntry(fname='/usr/share/fonts/google-droid/DroidSansTamil-Bold.ttf', name='Droid Sans Tamil', style='normal', variant='normal', weight=700, stretch='normal', size='scalable')) = 10.335
11:19:38 matplotlib.font_manager DEBUG: findfont: score(FontEntry(fname='/usr/share/fonts/gnu-free/FreeMono.ttf', name='FreeMono', style='normal', variant='normal', weight=400, stretch='normal', size='scalable')) = 10.05
11:19:38 matplotlib.font_manager DEBUG: findfont: score(FontEntry(fname='/usr/share/fonts/urw-base35/NimbusMonoPS-BoldItalic.otf', name='Nimbus Mono PS', style='italic', variant='normal', weight=700, stretch='normal', size='scalable')) = 11.335
11:19:38 matplotlib.font_manager DEBUG: findfont: score(FontEntry(fname='/usr/share/fonts/google-droid/DroidSansThai.ttf', name='Droid Sans Thai', style='normal', variant='normal', weight=400, stretch='normal', size='scalable')) = 10.05
11:19:38 matplotlib.font_manager DEBUG: findfont: score(FontEntry(fname='/usr/share/fonts/google-droid/DroidSansEthiopic-Bold.ttf', name='Droid Sans Ethiopic', style='normal', variant='normal', weight=700, stretch='normal', size='scalable')) = 10.335
11:19:38 matplotlib.font_manager DEBUG: findfont: Matching sans\-serif:style=normal:variant=normal:weight=normal:stretch=normal:size=12.0 to DejaVu Sans ('/home/patrasej/workspace_dev2/local/miniconda3/envs/pyspice/lib/python3.10/site-packages/matplotlib/mpl-data/fonts/ttf/DejaVuSans.ttf') with score of 0.050000.
11:19:38 matplotlib.font_manager DEBUG: findfont: Matching sans\-serif:style=normal:variant=normal:weight=normal:stretch=normal:size=8.0.
11:19:38 matplotlib.font_manager DEBUG: findfont: score(FontEntry(fname='/home/patrasej/workspace_dev2/local/miniconda3/envs/pyspice/lib/python3.10/site-packages/matplotlib/mpl-data/fonts/ttf/DejaVuSansMono-BoldOblique.ttf', name='DejaVu Sans Mono', style='oblique', variant='normal', weight=700, stretch='normal', size='scalable')) = 11.335
11:19:38 matplotlib.font_manager DEBUG: findfont: score(FontEntry(fname='/home/patrasej/workspace_dev2/local/miniconda3/envs/pyspice/lib/python3.10/site-packages/matplotlib/mpl-data/fonts/ttf/STIXNonUniIta.ttf', name='STIXNonUnicode', style='italic', variant='normal', weight=400, stretch='normal', size='scalable')) = 11.05
11:19:38 matplotlib.font_manager DEBUG: findfont: score(FontEntry(fname='/home/patrasej/workspace_dev2/local/miniconda3/envs/pyspice/lib/python3.10/site-packages/matplotlib/mpl-data/fonts/ttf/DejaVuSansMono-Bold.ttf', name='DejaVu Sans Mono', style='normal', variant='normal', weight=700, stretch='normal', size='scalable')) = 10.335
11:19:38 matplotlib.font_manager DEBUG: findfont: score(FontEntry(fname='/home/patrasej/workspace_dev2/local/miniconda3/envs/pyspice/lib/python3.10/site-packages/matplotlib/mpl-data/fonts/ttf/DejaVuSansMono-Oblique.ttf', name='DejaVu Sans Mono', style='oblique', variant='normal', weight=400, stretch='normal', size='scalable')) = 11.05
11:19:38 matplotlib.font_manager DEBUG: findfont: score(FontEntry(fname='/home/patrasej/workspace_dev2/local/miniconda3/envs/pyspice/lib/python3.10/site-packages/matplotlib/mpl-data/fonts/ttf/cmmi10.ttf', name='cmmi10', style='normal', variant='normal', weight=400, stretch='normal', size='scalable')) = 10.05
11:19:38 matplotlib.font_manager DEBUG: findfont: score(FontEntry(fname='/home/patrasej/workspace_dev2/local/miniconda3/envs/pyspice/lib/python3.10/site-packages/matplotlib/mpl-data/fonts/ttf/cmsy10.ttf', name='cmsy10', style='normal', variant='normal', weight=400, stretch='normal', size='scalable')) = 10.05
11:19:38 matplotlib.font_manager DEBUG: findfont: score(FontEntry(fname='/home/patrasej/workspace_dev2/local/miniconda3/envs/pyspice/lib/python3.10/site-packages/matplotlib/mpl-data/fonts/ttf/DejaVuSans-Oblique.ttf', name='DejaVu Sans', style='oblique', variant='normal', weight=400, stretch='normal', size='scalable')) = 1.05
11:19:38 matplotlib.font_manager DEBUG: findfont: score(FontEntry(fname='/home/patrasej/workspace_dev2/local/miniconda3/envs/pyspice/lib/python3.10/site-packages/matplotlib/mpl-data/fonts/ttf/DejaVuSansDisplay.ttf', name='DejaVu Sans Display', style='normal', variant='normal', weight=400, stretch='normal', size='scalable')) = 10.05
11:19:38 matplotlib.font_manager DEBUG: findfont: score(FontEntry(fname='/home/patrasej/workspace_dev2/local/miniconda3/envs/pyspice/lib/python3.10/site-packages/matplotlib/mpl-data/fonts/ttf/STIXSizTwoSymReg.ttf', name='STIXSizeTwoSym', style='normal', variant='normal', weight=400, stretch='normal', size='scalable')) = 10.05
11:19:38 matplotlib.font_manager DEBUG: findfont: score(FontEntry(fname='/home/patrasej/workspace_dev2/local/miniconda3/envs/pyspice/lib/python3.10/site-packages/matplotlib/mpl-data/fonts/ttf/STIXNonUniBol.ttf', name='STIXNonUnicode', style='normal', variant='normal', weight=700, stretch='normal', size='scalable')) = 10.335
11:19:38 matplotlib.font_manager DEBUG: findfont: score(FontEntry(fname='/home/patrasej/workspace_dev2/local/miniconda3/envs/pyspice/lib/python3.10/site-packages/matplotlib/mpl-data/fonts/ttf/STIXSizOneSymReg.ttf', name='STIXSizeOneSym', style='normal', variant='normal', weight=400, stretch='normal', size='scalable')) = 10.05
11:19:38 matplotlib.font_manager DEBUG: findfont: score(FontEntry(fname='/home/patrasej/workspace_dev2/local/miniconda3/envs/pyspice/lib/python3.10/site-packages/matplotlib/mpl-data/fonts/ttf/STIXSizTwoSymBol.ttf', name='STIXSizeTwoSym', style='normal', variant='normal', weight=700, stretch='normal', size='scalable')) = 10.335
11:19:38 matplotlib.font_manager DEBUG: findfont: score(FontEntry(fname='/home/patrasej/workspace_dev2/local/miniconda3/envs/pyspice/lib/python3.10/site-packages/matplotlib/mpl-data/fonts/ttf/STIXSizFiveSymReg.ttf', name='STIXSizeFiveSym', style='normal', variant='normal', weight=400, stretch='normal', size='scalable')) = 10.05
11:19:38 matplotlib.font_manager DEBUG: findfont: score(FontEntry(fname='/home/patrasej/workspace_dev2/local/miniconda3/envs/pyspice/lib/python3.10/site-packages/matplotlib/mpl-data/fonts/ttf/DejaVuSans-Bold.ttf', name='DejaVu Sans', style='normal', variant='normal', weight=700, stretch='normal', size='scalable')) = 0.33499999999999996
11:19:38 matplotlib.font_manager DEBUG: findfont: score(FontEntry(fname='/home/patrasej/workspace_dev2/local/miniconda3/envs/pyspice/lib/python3.10/site-packages/matplotlib/mpl-data/fonts/ttf/STIXSizFourSymReg.ttf', name='STIXSizeFourSym', style='normal', variant='normal', weight=400, stretch='normal', size='scalable')) = 10.05
11:19:38 matplotlib.font_manager DEBUG: findfont: score(FontEntry(fname='/home/patrasej/workspace_dev2/local/miniconda3/envs/pyspice/lib/python3.10/site-packages/matplotlib/mpl-data/fonts/ttf/STIXNonUni.ttf', name='STIXNonUnicode', style='normal', variant='normal', weight=400, stretch='normal', size='scalable')) = 10.05
11:19:38 matplotlib.font_manager DEBUG: findfont: score(FontEntry(fname='/home/patrasej/workspace_dev2/local/miniconda3/envs/pyspice/lib/python3.10/site-packages/matplotlib/mpl-data/fonts/ttf/DejaVuSans.ttf', name='DejaVu Sans', style='normal', variant='normal', weight=400, stretch='normal', size='scalable')) = 0.05
11:19:38 matplotlib.font_manager DEBUG: findfont: score(FontEntry(fname='/home/patrasej/workspace_dev2/local/miniconda3/envs/pyspice/lib/python3.10/site-packages/matplotlib/mpl-data/fonts/ttf/DejaVuSerif-Bold.ttf', name='DejaVu Serif', style='normal', variant='normal', weight=700, stretch='normal', size='scalable')) = 10.335
11:19:38 matplotlib.font_manager DEBUG: findfont: score(FontEntry(fname='/home/patrasej/workspace_dev2/local/miniconda3/envs/pyspice/lib/python3.10/site-packages/matplotlib/mpl-data/fonts/ttf/STIXGeneral.ttf', name='STIXGeneral', style='normal', variant='normal', weight=400, stretch='normal', size='scalable')) = 10.05
11:19:38 matplotlib.font_manager DEBUG: findfont: score(FontEntry(fname='/home/patrasej/workspace_dev2/local/miniconda3/envs/pyspice/lib/python3.10/site-packages/matplotlib/mpl-data/fonts/ttf/STIXNonUniBolIta.ttf', name='STIXNonUnicode', style='italic', variant='normal', weight=700, stretch='normal', size='scalable')) = 11.335
11:19:38 matplotlib.font_manager DEBUG: findfont: score(FontEntry(fname='/home/patrasej/workspace_dev2/local/miniconda3/envs/pyspice/lib/python3.10/site-packages/matplotlib/mpl-data/fonts/ttf/STIXGeneralItalic.ttf', name='STIXGeneral', style='italic', variant='normal', weight=400, stretch='normal', size='scalable')) = 11.05
11:19:38 matplotlib.font_manager DEBUG: findfont: score(FontEntry(fname='/home/patrasej/workspace_dev2/local/miniconda3/envs/pyspice/lib/python3.10/site-packages/matplotlib/mpl-data/fonts/ttf/STIXSizOneSymBol.ttf', name='STIXSizeOneSym', style='normal', variant='normal', weight=700, stretch='normal', size='scalable')) = 10.335
11:19:38 matplotlib.font_manager DEBUG: findfont: score(FontEntry(fname='/home/patrasej/workspace_dev2/local/miniconda3/envs/pyspice/lib/python3.10/site-packages/matplotlib/mpl-data/fonts/ttf/cmss10.ttf', name='cmss10', style='normal', variant='normal', weight=400, stretch='normal', size='scalable')) = 10.05
11:19:38 matplotlib.font_manager DEBUG: findfont: score(FontEntry(fname='/home/patrasej/workspace_dev2/local/miniconda3/envs/pyspice/lib/python3.10/site-packages/matplotlib/mpl-data/fonts/ttf/cmex10.ttf', name='cmex10', style='normal', variant='normal', weight=400, stretch='normal', size='scalable')) = 10.05
11:19:38 matplotlib.font_manager DEBUG: findfont: score(FontEntry(fname='/home/patrasej/workspace_dev2/local/miniconda3/envs/pyspice/lib/python3.10/site-packages/matplotlib/mpl-data/fonts/ttf/DejaVuSans-BoldOblique.ttf', name='DejaVu Sans', style='oblique', variant='normal', weight=700, stretch='normal', size='scalable')) = 1.335
11:19:38 matplotlib.font_manager DEBUG: findfont: score(FontEntry(fname='/home/patrasej/workspace_dev2/local/miniconda3/envs/pyspice/lib/python3.10/site-packages/matplotlib/mpl-data/fonts/ttf/DejaVuSerifDisplay.ttf', name='DejaVu Serif Display', style='normal', variant='normal', weight=400, stretch='normal', size='scalable')) = 10.05
11:19:38 matplotlib.font_manager DEBUG: findfont: score(FontEntry(fname='/home/patrasej/workspace_dev2/local/miniconda3/envs/pyspice/lib/python3.10/site-packages/matplotlib/mpl-data/fonts/ttf/STIXGeneralBolIta.ttf', name='STIXGeneral', style='italic', variant='normal', weight=700, stretch='normal', size='scalable')) = 11.335
11:19:38 matplotlib.font_manager DEBUG: findfont: score(FontEntry(fname='/home/patrasej/workspace_dev2/local/miniconda3/envs/pyspice/lib/python3.10/site-packages/matplotlib/mpl-data/fonts/ttf/cmtt10.ttf', name='cmtt10', style='normal', variant='normal', weight=400, stretch='normal', size='scalable')) = 10.05
11:19:38 matplotlib.font_manager DEBUG: findfont: score(FontEntry(fname='/home/patrasej/workspace_dev2/local/miniconda3/envs/pyspice/lib/python3.10/site-packages/matplotlib/mpl-data/fonts/ttf/cmb10.ttf', name='cmb10', style='normal', variant='normal', weight=400, stretch='normal', size='scalable')) = 10.05
11:19:38 matplotlib.font_manager DEBUG: findfont: score(FontEntry(fname='/home/patrasej/workspace_dev2/local/miniconda3/envs/pyspice/lib/python3.10/site-packages/matplotlib/mpl-data/fonts/ttf/DejaVuSerif.ttf', name='DejaVu Serif', style='normal', variant='normal', weight=400, stretch='normal', size='scalable')) = 10.05
11:19:38 matplotlib.font_manager DEBUG: findfont: score(FontEntry(fname='/home/patrasej/workspace_dev2/local/miniconda3/envs/pyspice/lib/python3.10/site-packages/matplotlib/mpl-data/fonts/ttf/DejaVuSerif-BoldItalic.ttf', name='DejaVu Serif', style='italic', variant='normal', weight=700, stretch='normal', size='scalable')) = 11.335
11:19:38 matplotlib.font_manager DEBUG: findfont: score(FontEntry(fname='/home/patrasej/workspace_dev2/local/miniconda3/envs/pyspice/lib/python3.10/site-packages/matplotlib/mpl-data/fonts/ttf/cmr10.ttf', name='cmr10', style='normal', variant='normal', weight=400, stretch='normal', size='scalable')) = 10.05
11:19:38 matplotlib.font_manager DEBUG: findfont: score(FontEntry(fname='/home/patrasej/workspace_dev2/local/miniconda3/envs/pyspice/lib/python3.10/site-packages/matplotlib/mpl-data/fonts/ttf/STIXSizThreeSymReg.ttf', name='STIXSizeThreeSym', style='normal', variant='normal', weight=400, stretch='normal', size='scalable')) = 10.05
11:19:38 matplotlib.font_manager DEBUG: findfont: score(FontEntry(fname='/home/patrasej/workspace_dev2/local/miniconda3/envs/pyspice/lib/python3.10/site-packages/matplotlib/mpl-data/fonts/ttf/STIXGeneralBol.ttf', name='STIXGeneral', style='normal', variant='normal', weight=700, stretch='normal', size='scalable')) = 10.335
11:19:38 matplotlib.font_manager DEBUG: findfont: score(FontEntry(fname='/home/patrasej/workspace_dev2/local/miniconda3/envs/pyspice/lib/python3.10/site-packages/matplotlib/mpl-data/fonts/ttf/STIXSizThreeSymBol.ttf', name='STIXSizeThreeSym', style='normal', variant='normal', weight=700, stretch='normal', size='scalable')) = 10.335
11:19:38 matplotlib.font_manager DEBUG: findfont: score(FontEntry(fname='/home/patrasej/workspace_dev2/local/miniconda3/envs/pyspice/lib/python3.10/site-packages/matplotlib/mpl-data/fonts/ttf/DejaVuSerif-Italic.ttf', name='DejaVu Serif', style='italic', variant='normal', weight=400, stretch='normal', size='scalable')) = 11.05
11:19:38 matplotlib.font_manager DEBUG: findfont: score(FontEntry(fname='/home/patrasej/workspace_dev2/local/miniconda3/envs/pyspice/lib/python3.10/site-packages/matplotlib/mpl-data/fonts/ttf/STIXSizFourSymBol.ttf', name='STIXSizeFourSym', style='normal', variant='normal', weight=700, stretch='normal', size='scalable')) = 10.335
11:19:38 matplotlib.font_manager DEBUG: findfont: score(FontEntry(fname='/home/patrasej/workspace_dev2/local/miniconda3/envs/pyspice/lib/python3.10/site-packages/matplotlib/mpl-data/fonts/ttf/DejaVuSansMono.ttf', name='DejaVu Sans Mono', style='normal', variant='normal', weight=400, stretch='normal', size='scalable')) = 10.05
11:19:38 matplotlib.font_manager DEBUG: findfont: score(FontEntry(fname='/usr/share/fonts/urw-base35/C059-Roman.otf', name='C059', style='normal', variant='normal', weight=400, stretch='normal', size='scalable')) = 10.05
11:19:38 matplotlib.font_manager DEBUG: findfont: score(FontEntry(fname='/usr/share/fonts/dejavu/DejaVuSansMono.ttf', name='DejaVu Sans Mono', style='normal', variant='normal', weight=400, stretch='normal', size='scalable')) = 10.05
11:19:38 matplotlib.font_manager DEBUG: findfont: score(FontEntry(fname='/usr/share/fonts/paratype-pt-sans/PTS56F.ttf', name='PT Sans', style='italic', variant='normal', weight=400, stretch='normal', size='scalable')) = 11.05
11:19:38 matplotlib.font_manager DEBUG: findfont: score(FontEntry(fname='/usr/share/fonts/paktype-naskh-basic/PakTypeNaskhBasic.ttf', name='PakType Naskh Basic', style='normal', variant='normal', weight=400, stretch='normal', size='scalable')) = 10.05
11:19:38 matplotlib.font_manager DEBUG: findfont: score(FontEntry(fname='/usr/share/fonts/julietaula-montserrat/Montserrat-BlackItalic.otf', name='Montserrat', style='italic', variant='normal', weight=900, stretch='normal', size='scalable')) = 11.525
11:19:38 matplotlib.font_manager DEBUG: findfont: score(FontEntry(fname='/usr/share/fonts/google-noto/NotoSansMandaic-Regular.ttf', name='Noto Sans Mandaic', style='normal', variant='normal', weight=400, stretch='normal', size='scalable')) = 10.05
11:19:38 matplotlib.font_manager DEBUG: findfont: score(FontEntry(fname='/usr/share/fonts/paratype-pt-sans/PTS55F.ttf', name='PT Sans', style='normal', variant='normal', weight=400, stretch='normal', size='scalable')) = 10.05
11:19:38 matplotlib.font_manager DEBUG: findfont: score(FontEntry(fname='/usr/share/fonts/google-droid/DroidSansFallback.ttf', name='Droid Sans Fallback', style='normal', variant='normal', weight=400, stretch='normal', size='scalable')) = 10.05
11:19:38 matplotlib.font_manager DEBUG: findfont: score(FontEntry(fname='/usr/share/fonts/urw-base35/P052-BoldItalic.otf', name='P052', style='italic', variant='normal', weight=700, stretch='normal', size='scalable')) = 11.335
11:19:38 matplotlib.font_manager DEBUG: findfont: score(FontEntry(fname='/usr/share/fonts/gnu-free/FreeMonoBoldOblique.ttf', name='FreeMono', style='oblique', variant='normal', weight=700, stretch='normal', size='scalable')) = 11.335
11:19:38 matplotlib.font_manager DEBUG: findfont: score(FontEntry(fname='/usr/share/fonts/paratype-pt-sans/PTS75F.ttf', name='PT Sans', style='normal', variant='normal', weight=700, stretch='normal', size='scalable')) = 10.335
11:19:38 matplotlib.font_manager DEBUG: findfont: score(FontEntry(fname='/usr/share/fonts/julietaula-montserrat/Montserrat-ThinItalic.otf', name='Montserrat', style='italic', variant='normal', weight=250, stretch='normal', size='scalable')) = 11.1925
11:19:38 matplotlib.font_manager DEBUG: findfont: score(FontEntry(fname='/usr/share/fonts/urw-base35/P052-Roman.otf', name='P052', style='normal', variant='normal', weight=400, stretch='normal', size='scalable')) = 10.05
11:19:38 matplotlib.font_manager DEBUG: findfont: score(FontEntry(fname='/usr/share/fonts/dejavu/DejaVuSans-Oblique.ttf', name='DejaVu Sans', style='oblique', variant='normal', weight=400, stretch='normal', size='scalable')) = 1.05
11:19:38 matplotlib.font_manager DEBUG: findfont: score(FontEntry(fname='/usr/share/fonts/lklug/lklug.ttf', name='LKLUG', style='normal', variant='normal', weight=400, stretch='normal', size='scalable')) = 10.05
11:19:38 matplotlib.font_manager DEBUG: findfont: score(FontEntry(fname='/usr/share/fonts/gnu-free/FreeSerif.ttf', name='FreeSerif', style='normal', variant='normal', weight=400, stretch='normal', size='scalable')) = 10.05
11:19:38 matplotlib.font_manager DEBUG: findfont: score(FontEntry(fname='/usr/share/fonts/google-noto-cjk/NotoSerifCJK-Black.ttc', name='Noto Serif CJK JP', style='normal', variant='normal', weight=900, stretch='normal', size='scalable')) = 10.525
11:19:38 matplotlib.font_manager DEBUG: findfont: score(FontEntry(fname='/usr/share/fonts/julietaula-montserrat/Montserrat-Medium.otf', name='Montserrat', style='normal', variant='normal', weight=500, stretch='normal', size='scalable')) = 10.145
11:19:38 matplotlib.font_manager DEBUG: findfont: score(FontEntry(fname='/usr/share/fonts/julietaula-montserrat/MontserratAlternates-LightItalic.otf', name='Montserrat Alternates', style='italic', variant='normal', weight=300, stretch='normal', size='scalable')) = 11.145
11:19:38 matplotlib.font_manager DEBUG: findfont: score(FontEntry(fname='/usr/share/fonts/liberation-serif/LiberationSerif-BoldItalic.ttf', name='Liberation Serif', style='italic', variant='normal', weight=700, stretch='normal', size='scalable')) = 11.335
11:19:38 matplotlib.font_manager DEBUG: findfont: score(FontEntry(fname='/usr/share/fonts/thai-scalable/Waree-BoldOblique.ttf', name='Waree', style='oblique', variant='normal', weight=700, stretch='normal', size='scalable')) = 11.335
11:19:38 matplotlib.font_manager DEBUG: findfont: score(FontEntry(fname='/usr/share/fonts/urw-base35/NimbusMonoPS-Bold.otf', name='Nimbus Mono PS', style='normal', variant='normal', weight=700, stretch='normal', size='scalable')) = 10.335
11:19:38 matplotlib.font_manager DEBUG: findfont: score(FontEntry(fname='/usr/share/fonts/stix/STIX-Regular.otf', name='STIX', style='normal', variant='normal', weight=400, stretch='normal', size='scalable')) = 10.05
11:19:38 matplotlib.font_manager DEBUG: findfont: score(FontEntry(fname='/usr/share/fonts/dejavu/DejaVuSerif-Bold.ttf', name='DejaVu Serif', style='normal', variant='normal', weight=700, stretch='normal', size='scalable')) = 10.335
11:19:38 matplotlib.font_manager DEBUG: findfont: score(FontEntry(fname='/usr/share/fonts/google-droid/DroidSansTamil-Regular.ttf', name='Droid Sans Tamil', style='normal', variant='normal', weight=400, stretch='normal', size='scalable')) = 10.05
11:19:38 matplotlib.font_manager DEBUG: findfont: score(FontEntry(fname='/usr/share/fonts/urw-base35/NimbusRoman-Italic.otf', name='Nimbus Roman', style='italic', variant='normal', weight=400, stretch='normal', size='scalable')) = 11.05
11:19:38 matplotlib.font_manager DEBUG: findfont: score(FontEntry(fname='/usr/share/fonts/sil-padauk/Padauk-Bold.ttf', name='Padauk', style='normal', variant='normal', weight=700, stretch='normal', size='scalable')) = 10.335
11:19:38 matplotlib.font_manager DEBUG: findfont: score(FontEntry(fname='/usr/share/fonts/google-noto-cjk/NotoSerifCJK-SemiBold.ttc', name='Noto Serif CJK JP', style='normal', variant='normal', weight=600, stretch='normal', size='scalable')) = 10.24
11:19:38 matplotlib.font_manager DEBUG: findfont: score(FontEntry(fname='/usr/share/fonts/urw-base35/NimbusMonoPS-Regular.otf', name='Nimbus Mono PS', style='normal', variant='normal', weight=400, stretch='normal', size='scalable')) = 10.05
11:19:38 matplotlib.font_manager DEBUG: findfont: score(FontEntry(fname='/usr/share/fonts/sil-nuosu/NuosuSIL-Regular.ttf', name='Nuosu SIL', style='normal', variant='normal', weight=400, stretch='normal', size='scalable')) = 10.05
11:19:38 matplotlib.font_manager DEBUG: findfont: score(FontEntry(fname='/usr/share/fonts/google-noto/NotoSansSinhala-Regular.ttf', name='Noto Sans Sinhala', style='normal', variant='normal', weight=400, stretch='normal', size='scalable')) = 10.05
11:19:38 matplotlib.font_manager DEBUG: findfont: score(FontEntry(fname='/usr/share/fonts/urw-base35/URWGothic-Book.otf', name='URW Gothic', style='normal', variant='normal', weight=400, stretch='normal', size='scalable')) = 10.05
11:19:38 matplotlib.font_manager DEBUG: findfont: score(FontEntry(fname='/usr/share/fonts/google-noto-cjk/NotoSerifCJK-Bold.ttc', name='Noto Serif CJK JP', style='normal', variant='normal', weight=700, stretch='normal', size='scalable')) = 10.335
11:19:38 matplotlib.font_manager DEBUG: findfont: score(FontEntry(fname='/usr/share/fonts/google-crosextra-carlito/Carlito-Italic.ttf', name='Carlito', style='italic', variant='normal', weight=400, stretch='normal', size='scalable')) = 11.05
11:19:38 matplotlib.font_manager DEBUG: findfont: score(FontEntry(fname='/usr/share/fonts/julietaula-montserrat/Montserrat-SemiBold.otf', name='Montserrat', style='normal', variant='normal', weight=600, stretch='normal', size='scalable')) = 10.24
11:19:38 matplotlib.font_manager DEBUG: findfont: score(FontEntry(fname='/usr/share/fonts/liberation-sans/LiberationSans-BoldItalic.ttf', name='Liberation Sans', style='italic', variant='normal', weight=700, stretch='normal', size='scalable')) = 11.335
11:19:38 matplotlib.font_manager DEBUG: findfont: score(FontEntry(fname='/usr/share/fonts/julietaula-montserrat/MontserratAlternates-ExtraBold.otf', name='Montserrat Alternates', style='normal', variant='normal', weight=800, stretch='normal', size='scalable')) = 10.43
11:19:38 matplotlib.font_manager DEBUG: findfont: score(FontEntry(fname='/usr/share/fonts/liberation-sans/LiberationSans-Bold.ttf', name='Liberation Sans', style='normal', variant='normal', weight=700, stretch='normal', size='scalable')) = 10.335
11:19:38 matplotlib.font_manager DEBUG: findfont: score(FontEntry(fname='/usr/share/fonts/gnu-free/FreeMonoBold.ttf', name='FreeMono', style='normal', variant='normal', weight=700, stretch='normal', size='scalable')) = 10.335
11:19:38 matplotlib.font_manager DEBUG: findfont: score(FontEntry(fname='/usr/share/fonts/urw-base35/NimbusRoman-Regular.otf', name='Nimbus Roman', style='normal', variant='normal', weight=400, stretch='normal', size='scalable')) = 10.05
11:19:38 matplotlib.font_manager DEBUG: findfont: score(FontEntry(fname='/usr/share/fonts/urw-base35/D050000L.otf', name='D050000L', style='normal', variant='normal', weight=400, stretch='normal', size='scalable')) = 10.05
11:19:38 matplotlib.font_manager DEBUG: findfont: score(FontEntry(fname='/usr/share/fonts/julietaula-montserrat/Montserrat-Light.otf', name='Montserrat', style='normal', variant='normal', weight=300, stretch='normal', size='scalable')) = 10.145
11:19:38 matplotlib.font_manager DEBUG: findfont: score(FontEntry(fname='/usr/share/fonts/julietaula-montserrat/Montserrat-BoldItalic.otf', name='Montserrat', style='italic', variant='normal', weight=700, stretch='normal', size='scalable')) = 11.335
11:19:38 matplotlib.font_manager DEBUG: findfont: score(FontEntry(fname='/usr/share/fonts/liberation-mono/LiberationMono-Italic.ttf', name='Liberation Mono', style='italic', variant='normal', weight=400, stretch='normal', size='scalable')) = 11.05
11:19:38 matplotlib.font_manager DEBUG: findfont: score(FontEntry(fname='/usr/share/fonts/urw-base35/NimbusSansNarrow-Regular.otf', name='Nimbus Sans Narrow', style='normal', variant='normal', weight=400, stretch='condensed', size='scalable')) = 10.25
11:19:38 matplotlib.font_manager DEBUG: findfont: score(FontEntry(fname='/usr/share/fonts/urw-base35/P052-Italic.otf', name='P052', style='italic', variant='normal', weight=400, stretch='normal', size='scalable')) = 11.05
11:19:38 matplotlib.font_manager DEBUG: findfont: score(FontEntry(fname='/usr/share/fonts/paratype-pt-sans/PTS76F.ttf', name='PT Sans', style='italic', variant='normal', weight=700, stretch='normal', size='scalable')) = 11.335
11:19:38 matplotlib.font_manager DEBUG: findfont: score(FontEntry(fname='/usr/share/fonts/gnu-free/FreeSerifBoldItalic.ttf', name='FreeSerif', style='italic', variant='normal', weight=700, stretch='normal', size='scalable')) = 11.335
11:19:38 matplotlib.font_manager DEBUG: findfont: score(FontEntry(fname='/usr/share/fonts/dejavu/DejaVuSansCondensed-Oblique.ttf', name='DejaVu Sans', style='oblique', variant='normal', weight=400, stretch='condensed', size='scalable')) = 1.25
11:19:38 matplotlib.font_manager DEBUG: findfont: score(FontEntry(fname='/usr/share/fonts/urw-base35/NimbusSansNarrow-BoldOblique.otf', name='Nimbus Sans Narrow', style='oblique', variant='normal', weight=700, stretch='condensed', size='scalable')) = 11.535
11:19:38 matplotlib.font_manager DEBUG: findfont: score(FontEntry(fname='/usr/share/fonts/julietaula-montserrat/Montserrat-ExtraLight.otf', name='Montserrat', style='normal', variant='normal', weight=275, stretch='normal', size='scalable')) = 10.16875
11:19:38 matplotlib.font_manager DEBUG: findfont: score(FontEntry(fname='/usr/share/fonts/google-crosextra-caladea/Caladea-BoldItalic.ttf', name='Caladea', style='italic', variant='normal', weight=700, stretch='normal', size='scalable')) = 11.335
11:19:38 matplotlib.font_manager DEBUG: findfont: score(FontEntry(fname='/usr/share/fonts/liberation-mono/LiberationMono-Bold.ttf', name='Liberation Mono', style='normal', variant='normal', weight=700, stretch='normal', size='scalable')) = 10.335
11:19:38 matplotlib.font_manager DEBUG: findfont: score(FontEntry(fname='/usr/share/fonts/dejavu/DejaVuSerif.ttf', name='DejaVu Serif', style='normal', variant='normal', weight=400, stretch='normal', size='scalable')) = 10.05
11:19:38 matplotlib.font_manager DEBUG: findfont: score(FontEntry(fname='/usr/share/fonts/gnu-free/FreeSansOblique.ttf', name='FreeSans', style='oblique', variant='normal', weight=400, stretch='normal', size='scalable')) = 11.05
11:19:38 matplotlib.font_manager DEBUG: findfont: score(FontEntry(fname='/usr/share/fonts/urw-base35/NimbusSansNarrow-Oblique.otf', name='Nimbus Sans Narrow', style='oblique', variant='normal', weight=400, stretch='condensed', size='scalable')) = 11.25
11:19:38 matplotlib.font_manager DEBUG: findfont: score(FontEntry(fname='/usr/share/fonts/julietaula-montserrat/MontserratAlternates-SemiBoldItalic.otf', name='Montserrat Alternates', style='italic', variant='normal', weight=600, stretch='normal', size='scalable')) = 11.24
11:19:38 matplotlib.font_manager DEBUG: findfont: score(FontEntry(fname='/usr/share/fonts/urw-base35/URWGothic-BookOblique.otf', name='URW Gothic', style='oblique', variant='normal', weight=400, stretch='normal', size='scalable')) = 11.05
11:19:38 matplotlib.font_manager DEBUG: findfont: score(FontEntry(fname='/usr/share/fonts/google-noto-cjk/NotoSansCJK-Regular.ttc', name='Noto Sans CJK JP', style='normal', variant='normal', weight=400, stretch='normal', size='scalable')) = 10.05
11:19:38 matplotlib.font_manager DEBUG: findfont: score(FontEntry(fname='/usr/share/fonts/abattis-cantarell/Cantarell-Oblique.otf', name='Cantarell', style='oblique', variant='normal', weight=400, stretch='normal', size='scalable')) = 11.05
11:19:38 matplotlib.font_manager DEBUG: findfont: score(FontEntry(fname='/usr/share/fonts/dejavu/DejaVuSans-Bold.ttf', name='DejaVu Sans', style='normal', variant='normal', weight=700, stretch='normal', size='scalable')) = 0.33499999999999996
11:19:38 matplotlib.font_manager DEBUG: findfont: score(FontEntry(fname='/usr/share/fonts/urw-base35/NimbusSans-Italic.otf', name='Nimbus Sans', style='italic', variant='normal', weight=400, stretch='normal', size='scalable')) = 11.05
11:19:38 matplotlib.font_manager DEBUG: findfont: score(FontEntry(fname='/usr/share/fonts/gnu-free/FreeSansBoldOblique.ttf', name='FreeSans', style='oblique', variant='normal', weight=600, stretch='normal', size='scalable')) = 11.24
11:19:38 matplotlib.font_manager DEBUG: findfont: score(FontEntry(fname='/usr/share/fonts/dejavu/DejaVuSansMono-BoldOblique.ttf', name='DejaVu Sans Mono', style='oblique', variant='normal', weight=700, stretch='normal', size='scalable')) = 11.335
11:19:38 matplotlib.font_manager DEBUG: findfont: score(FontEntry(fname='/usr/share/fonts/julietaula-montserrat/MontserratAlternates-Thin.otf', name='Montserrat Alternates', style='normal', variant='normal', weight=250, stretch='normal', size='scalable')) = 10.1925
11:19:38 matplotlib.font_manager DEBUG: findfont: score(FontEntry(fname='/usr/share/fonts/julietaula-montserrat/Montserrat-ExtraLightItalic.otf', name='Montserrat', style='italic', variant='normal', weight=275, stretch='normal', size='scalable')) = 11.16875
11:19:38 matplotlib.font_manager DEBUG: findfont: score(FontEntry(fname='/usr/share/fonts/julietaula-montserrat/MontserratAlternates-Regular.otf', name='Montserrat Alternates', style='normal', variant='normal', weight=400, stretch='normal', size='scalable')) = 10.05
11:19:38 matplotlib.font_manager DEBUG: findfont: score(FontEntry(fname='/usr/share/fonts/abattis-cantarell/Cantarell-Regular.otf', name='Cantarell', style='normal', variant='normal', weight=400, stretch='normal', size='scalable')) = 10.05
11:19:38 matplotlib.font_manager DEBUG: findfont: score(FontEntry(fname='/usr/share/fonts/lohit-tamil/Lohit-Tamil.ttf', name='Lohit Tamil', style='normal', variant='normal', weight=400, stretch='normal', size='scalable')) = 10.05
11:19:38 matplotlib.font_manager DEBUG: findfont: score(FontEntry(fname='/usr/share/fonts/julietaula-montserrat/Montserrat-ExtraBold.otf', name='Montserrat', style='normal', variant='normal', weight=800, stretch='normal', size='scalable')) = 10.43
11:19:38 matplotlib.font_manager DEBUG: findfont: score(FontEntry(fname='/usr/share/fonts/julietaula-montserrat/Montserrat-Regular.otf', name='Montserrat', style='normal', variant='normal', weight=400, stretch='normal', size='scalable')) = 10.05
11:19:38 matplotlib.font_manager DEBUG: findfont: score(FontEntry(fname='/usr/share/fonts/urw-base35/C059-Italic.otf', name='C059', style='italic', variant='normal', weight=400, stretch='normal', size='scalable')) = 11.05
11:19:38 matplotlib.font_manager DEBUG: findfont: score(FontEntry(fname='/usr/share/fonts/google-noto-cjk/NotoSansCJK-Black.ttc', name='Noto Sans CJK JP', style='normal', variant='normal', weight=900, stretch='normal', size='scalable')) = 10.525
11:19:38 matplotlib.font_manager DEBUG: findfont: score(FontEntry(fname='/usr/share/fonts/dejavu/DejaVuSansCondensed-Bold.ttf', name='DejaVu Sans', style='normal', variant='normal', weight=700, stretch='condensed', size='scalable')) = 0.5349999999999999
11:19:38 matplotlib.font_manager DEBUG: findfont: score(FontEntry(fname='/usr/share/fonts/lohit-odia/Lohit-Odia.ttf', name='Lohit Odia', style='normal', variant='normal', weight=400, stretch='normal', size='scalable')) = 10.05
11:19:38 matplotlib.font_manager DEBUG: findfont: score(FontEntry(fname='/usr/share/fonts/liberation-serif/LiberationSerif-Bold.ttf', name='Liberation Serif', style='normal', variant='normal', weight=700, stretch='normal', size='scalable')) = 10.335
11:19:38 matplotlib.font_manager DEBUG: findfont: score(FontEntry(fname='/usr/share/fonts/liberation-mono/LiberationMono-Regular.ttf', name='Liberation Mono', style='normal', variant='normal', weight=400, stretch='normal', size='scalable')) = 10.05
11:19:38 matplotlib.font_manager DEBUG: findfont: score(FontEntry(fname='/usr/share/fonts/google-droid/DroidSansArmenian.ttf', name='Droid Sans Armenian', style='normal', variant='normal', weight=400, stretch='normal', size='scalable')) = 10.05
11:19:38 matplotlib.font_manager DEBUG: findfont: score(FontEntry(fname='/usr/share/fonts/lohit-gurmukhi/Lohit-Gurmukhi.ttf', name='Lohit Gurmukhi', style='normal', variant='normal', weight=400, stretch='normal', size='scalable')) = 10.05
11:19:38 matplotlib.font_manager DEBUG: findfont: score(FontEntry(fname='/usr/share/fonts/urw-base35/URWGothic-Demi.otf', name='URW Gothic', style='normal', variant='normal', weight=600, stretch='normal', size='scalable')) = 10.24
11:19:38 matplotlib.font_manager DEBUG: findfont: score(FontEntry(fname='/usr/share/fonts/google-crosextra-carlito/Carlito-BoldItalic.ttf', name='Carlito', style='italic', variant='normal', weight=700, stretch='normal', size='scalable')) = 11.335
11:19:38 matplotlib.font_manager DEBUG: findfont: score(FontEntry(fname='/usr/share/fonts/google-noto/NotoSansLisu-Regular.ttf', name='Noto Sans Lisu', style='normal', variant='normal', weight=400, stretch='normal', size='scalable')) = 10.05
11:19:38 matplotlib.font_manager DEBUG: findfont: score(FontEntry(fname='/usr/share/fonts/julietaula-montserrat/MontserratAlternates-Black.otf', name='Montserrat Alternates', style='normal', variant='normal', weight=900, stretch='normal', size='scalable')) = 10.525
11:19:38 matplotlib.font_manager DEBUG: findfont: score(FontEntry(fname='/usr/share/fonts/urw-base35/NimbusSansNarrow-Bold.otf', name='Nimbus Sans Narrow', style='normal', variant='normal', weight=700, stretch='condensed', size='scalable')) = 10.535
11:19:38 matplotlib.font_manager DEBUG: findfont: score(FontEntry(fname='/usr/share/fonts/lohit-telugu/Lohit-Telugu.ttf', name='Lohit Telugu', style='normal', variant='normal', weight=400, stretch='normal', size='scalable')) = 10.05
11:19:38 matplotlib.font_manager DEBUG: findfont: score(FontEntry(fname='/usr/share/fonts/smc/Meera.ttf', name='Meera', style='normal', variant='normal', weight=400, stretch='normal', size='scalable')) = 10.05
11:19:38 matplotlib.font_manager DEBUG: findfont: score(FontEntry(fname='/usr/share/fonts/liberation-serif/LiberationSerif-Regular.ttf', name='Liberation Serif', style='normal', variant='normal', weight=400, stretch='normal', size='scalable')) = 10.05
11:19:38 matplotlib.font_manager DEBUG: findfont: score(FontEntry(fname='/usr/share/fonts/urw-base35/C059-Bold.otf', name='C059', style='normal', variant='normal', weight=700, stretch='normal', size='scalable')) = 10.335
11:19:38 matplotlib.font_manager DEBUG: findfont: score(FontEntry(fname='/usr/share/fonts/google-droid/DroidSansGeorgian.ttf', name='Droid Sans Georgian', style='normal', variant='normal', weight=400, stretch='normal', size='scalable')) = 10.05
11:19:38 matplotlib.font_manager DEBUG: findfont: score(FontEntry(fname='/usr/share/fonts/liberation-sans/LiberationSans-Regular.ttf', name='Liberation Sans', style='normal', variant='normal', weight=400, stretch='normal', size='scalable')) = 10.05
11:19:38 matplotlib.font_manager DEBUG: findfont: score(FontEntry(fname='/usr/share/fonts/google-noto/NotoSansTagalog-Regular.ttf', name='Noto Sans Tagalog', style='normal', variant='normal', weight=400, stretch='normal', size='scalable')) = 10.05
11:19:38 matplotlib.font_manager DEBUG: findfont: score(FontEntry(fname='/usr/share/fonts/dejavu/DejaVuSerifCondensed-Italic.ttf', name='DejaVu Serif', style='italic', variant='normal', weight=400, stretch='condensed', size='scalable')) = 11.25
11:19:38 matplotlib.font_manager DEBUG: findfont: score(FontEntry(fname='/usr/share/fonts/google-droid/DroidSans.ttf', name='Droid Sans', style='normal', variant='normal', weight=400, stretch='normal', size='scalable')) = 10.05
11:19:38 matplotlib.font_manager DEBUG: findfont: score(FontEntry(fname='/usr/share/fonts/gnu-free/FreeSerifItalic.ttf', name='FreeSerif', style='italic', variant='normal', weight=400, stretch='normal', size='scalable')) = 11.05
11:19:38 matplotlib.font_manager DEBUG: findfont: score(FontEntry(fname='/usr/share/fonts/google-droid/DroidSansJapanese.ttf', name='Droid Sans Japanese', style='normal', variant='normal', weight=400, stretch='normal', size='scalable')) = 10.05
11:19:38 matplotlib.font_manager DEBUG: findfont: score(FontEntry(fname='/usr/share/fonts/paratype-pt-sans/PTN57F.ttf', name='PT Sans Narrow', style='normal', variant='normal', weight=400, stretch='condensed', size='scalable')) = 10.25
11:19:38 matplotlib.font_manager DEBUG: findfont: score(FontEntry(fname='/usr/share/fonts/julietaula-montserrat/Montserrat-SemiBoldItalic.otf', name='Montserrat', style='italic', variant='normal', weight=600, stretch='normal', size='scalable')) = 11.24
11:19:38 matplotlib.font_manager DEBUG: findfont: score(FontEntry(fname='/usr/share/fonts/lohit-bengali/Lohit-Bengali.ttf', name='Lohit Bengali', style='normal', variant='normal', weight=400, stretch='normal', size='scalable')) = 10.05
11:19:38 matplotlib.font_manager DEBUG: findfont: score(FontEntry(fname='/usr/share/fonts/dejavu/DejaVuSansMono-Bold.ttf', name='DejaVu Sans Mono', style='normal', variant='normal', weight=700, stretch='normal', size='scalable')) = 10.335
11:19:38 matplotlib.font_manager DEBUG: findfont: score(FontEntry(fname='/usr/share/fonts/dejavu/DejaVuSerifCondensed.ttf', name='DejaVu Serif', style='normal', variant='normal', weight=400, stretch='condensed', size='scalable')) = 10.25
11:19:38 matplotlib.font_manager DEBUG: findfont: score(FontEntry(fname='/usr/share/fonts/stix/STIX-BoldItalic.otf', name='STIX', style='italic', variant='normal', weight=700, stretch='normal', size='scalable')) = 11.335
11:19:38 matplotlib.font_manager DEBUG: findfont: score(FontEntry(fname='/usr/share/fonts/urw-base35/NimbusMonoPS-Italic.otf', name='Nimbus Mono PS', style='italic', variant='normal', weight=400, stretch='normal', size='scalable')) = 11.05
11:19:38 matplotlib.font_manager DEBUG: findfont: score(FontEntry(fname='/usr/share/fonts/dejavu/DejaVuSansMono-Oblique.ttf', name='DejaVu Sans Mono', style='oblique', variant='normal', weight=400, stretch='normal', size='scalable')) = 11.05
11:19:38 matplotlib.font_manager DEBUG: findfont: score(FontEntry(fname='/usr/share/fonts/opensymbol/opens___.ttf', name='OpenSymbol', style='normal', variant='normal', weight=400, stretch='normal', size='scalable')) = 10.05
11:19:38 matplotlib.font_manager DEBUG: findfont: score(FontEntry(fname='/usr/share/fonts/urw-base35/NimbusRoman-BoldItalic.otf', name='Nimbus Roman', style='italic', variant='normal', weight=700, stretch='normal', size='scalable')) = 11.335
11:19:38 matplotlib.font_manager DEBUG: findfont: score(FontEntry(fname='/usr/share/fonts/dejavu/DejaVuSerifCondensed-BoldItalic.ttf', name='DejaVu Serif', style='italic', variant='normal', weight=700, stretch='condensed', size='scalable')) = 11.535
11:19:38 matplotlib.font_manager DEBUG: findfont: score(FontEntry(fname='/usr/share/fonts/julietaula-montserrat/MontserratAlternates-Bold.otf', name='Montserrat Alternates', style='normal', variant='normal', weight=700, stretch='normal', size='scalable')) = 10.335
11:19:38 matplotlib.font_manager DEBUG: findfont: score(FontEntry(fname='/usr/share/fonts/dejavu/DejaVuSans.ttf', name='DejaVu Sans', style='normal', variant='normal', weight=400, stretch='normal', size='scalable')) = 0.05
11:19:38 matplotlib.font_manager DEBUG: findfont: score(FontEntry(fname='/usr/share/fonts/lohit-devanagari/Lohit-Devanagari.ttf', name='Lohit Devanagari', style='normal', variant='normal', weight=400, stretch='normal', size='scalable')) = 10.05
11:19:38 matplotlib.font_manager DEBUG: findfont: score(FontEntry(fname='/usr/share/fonts/sil-padauk/Padauk-Regular.ttf', name='Padauk', style='normal', variant='normal', weight=400, stretch='normal', size='scalable')) = 10.05
11:19:38 matplotlib.font_manager DEBUG: findfont: score(FontEntry(fname='/usr/share/fonts/julietaula-montserrat/MontserratAlternates-BlackItalic.otf', name='Montserrat Alternates', style='italic', variant='normal', weight=900, stretch='normal', size='scalable')) = 11.525
11:19:38 matplotlib.font_manager DEBUG: findfont: score(FontEntry(fname='/usr/share/fonts/google-noto/NotoSansTaiTham-Regular.ttf', name='Noto Sans Tai Tham', style='normal', variant='normal', weight=400, stretch='normal', size='scalable')) = 10.05
11:19:38 matplotlib.font_manager DEBUG: findfont: score(FontEntry(fname='/usr/share/fonts/khmeros/KhmerOS_content.ttf', name='Khmer OS Content', style='normal', variant='normal', weight=400, stretch='normal', size='scalable')) = 10.05
11:19:38 matplotlib.font_manager DEBUG: findfont: score(FontEntry(fname='/usr/share/fonts/julietaula-montserrat/MontserratAlternates-Medium.otf', name='Montserrat Alternates', style='normal', variant='normal', weight=500, stretch='normal', size='scalable')) = 10.145
11:19:38 matplotlib.font_manager DEBUG: findfont: score(FontEntry(fname='/usr/share/fonts/gnu-free/FreeSerifBold.ttf', name='FreeSerif', style='normal', variant='normal', weight=700, stretch='normal', size='scalable')) = 10.335
11:19:38 matplotlib.font_manager DEBUG: findfont: score(FontEntry(fname='/usr/share/fonts/urw-base35/URWBookman-DemiItalic.otf', name='URW Bookman', style='italic', variant='normal', weight=600, stretch='normal', size='scalable')) = 11.24
11:19:38 matplotlib.font_manager DEBUG: findfont: score(FontEntry(fname='/usr/share/fonts/julietaula-montserrat/Montserrat-ExtraBoldItalic.otf', name='Montserrat', style='italic', variant='normal', weight=800, stretch='normal', size='scalable')) = 11.43
11:19:38 matplotlib.font_manager DEBUG: findfont: score(FontEntry(fname='/usr/share/fonts/julietaula-montserrat/MontserratAlternates-ThinItalic.otf', name='Montserrat Alternates', style='italic', variant='normal', weight=250, stretch='normal', size='scalable')) = 11.1925
11:19:38 matplotlib.font_manager DEBUG: findfont: score(FontEntry(fname='/usr/share/fonts/sil-abyssinica/AbyssinicaSIL-R.ttf', name='Abyssinica SIL', style='normal', variant='normal', weight=400, stretch='normal', size='scalable')) = 10.05
11:19:38 matplotlib.font_manager DEBUG: findfont: score(FontEntry(fname='/usr/share/fonts/julietaula-montserrat/MontserratAlternates-Italic.otf', name='Montserrat Alternates', style='italic', variant='normal', weight=400, stretch='normal', size='scalable')) = 11.05
11:19:38 matplotlib.font_manager DEBUG: findfont: score(FontEntry(fname='/usr/share/fonts/urw-base35/NimbusSans-Regular.otf', name='Nimbus Sans', style='normal', variant='normal', weight=400, stretch='normal', size='scalable')) = 10.05
11:19:38 matplotlib.font_manager DEBUG: findfont: score(FontEntry(fname='/usr/share/fonts/lohit-kannada/Lohit-Kannada.ttf', name='Lohit Kannada', style='normal', variant='normal', weight=400, stretch='normal', size='scalable')) = 10.05
11:19:38 matplotlib.font_manager DEBUG: findfont: score(FontEntry(fname='/usr/share/fonts/dejavu/DejaVuSans-BoldOblique.ttf', name='DejaVu Sans', style='oblique', variant='normal', weight=700, stretch='normal', size='scalable')) = 1.335
11:19:38 matplotlib.font_manager DEBUG: findfont: score(FontEntry(fname='/usr/share/fonts/stix/STIX-Italic.otf', name='STIX', style='italic', variant='normal', weight=400, stretch='normal', size='scalable')) = 11.05
11:19:38 matplotlib.font_manager DEBUG: findfont: score(FontEntry(fname='/usr/share/fonts/google-noto/NotoSansTaiViet-Regular.ttf', name='Noto Sans Tai Viet', style='normal', variant='normal', weight=400, stretch='normal', size='scalable')) = 10.05
11:19:38 matplotlib.font_manager DEBUG: findfont: score(FontEntry(fname='/usr/share/fonts/julietaula-montserrat/MontserratAlternates-ExtraLightItalic.otf', name='Montserrat Alternates', style='italic', variant='normal', weight=275, stretch='normal', size='scalable')) = 11.16875
11:19:38 matplotlib.font_manager DEBUG: findfont: score(FontEntry(fname='/usr/share/fonts/google-noto-cjk/NotoSansCJK-Bold.ttc', name='Noto Sans CJK JP', style='normal', variant='normal', weight=700, stretch='normal', size='scalable')) = 10.335
11:19:38 matplotlib.font_manager DEBUG: findfont: score(FontEntry(fname='/usr/share/fonts/julietaula-montserrat/MontserratAlternates-ExtraLight.otf', name='Montserrat Alternates', style='normal', variant='normal', weight=275, stretch='normal', size='scalable')) = 10.16875
11:19:38 matplotlib.font_manager DEBUG: findfont: score(FontEntry(fname='/usr/share/fonts/urw-base35/URWBookman-Light.otf', name='URW Bookman', style='normal', variant='normal', weight=300, stretch='normal', size='scalable')) = 10.145
11:19:38 matplotlib.font_manager DEBUG: findfont: score(FontEntry(fname='/usr/share/fonts/julietaula-montserrat/MontserratAlternates-BoldItalic.otf', name='Montserrat Alternates', style='italic', variant='normal', weight=700, stretch='normal', size='scalable')) = 11.335
11:19:38 matplotlib.font_manager DEBUG: findfont: score(FontEntry(fname='/usr/share/fonts/urw-base35/C059-BdIta.otf', name='C059', style='italic', variant='normal', weight=700, stretch='normal', size='scalable')) = 11.335
11:19:38 matplotlib.font_manager DEBUG: findfont: score(FontEntry(fname='/usr/share/fonts/gnu-free/FreeSans.ttf', name='FreeSans', style='normal', variant='normal', weight=400, stretch='normal', size='scalable')) = 10.05
11:19:38 matplotlib.font_manager DEBUG: findfont: score(FontEntry(fname='/usr/share/fonts/thai-scalable/Waree-Bold.ttf', name='Waree', style='normal', variant='normal', weight=700, stretch='normal', size='scalable')) = 10.335
11:19:38 matplotlib.font_manager DEBUG: findfont: score(FontEntry(fname='/usr/share/fonts/lohit-gujarati/Lohit-Gujarati.ttf', name='Lohit Gujarati', style='normal', variant='normal', weight=400, stretch='normal', size='scalable')) = 10.05
11:19:38 matplotlib.font_manager DEBUG: findfont: score(FontEntry(fname='/usr/share/fonts/google-droid/DroidSansArabic.ttf', name='Droid Sans Arabic', style='normal', variant='normal', weight=400, stretch='normal', size='scalable')) = 10.05
11:19:38 matplotlib.font_manager DEBUG: findfont: score(FontEntry(fname='/usr/share/fonts/google-droid/DroidSansDevanagari-Regular.ttf', name='Droid Sans Devanagari', style='normal', variant='normal', weight=400, stretch='normal', size='scalable')) = 10.05
11:19:38 matplotlib.font_manager DEBUG: findfont: score(FontEntry(fname='/usr/share/fonts/paratype-pt-sans/PTN77F.ttf', name='PT Sans Narrow', style='normal', variant='normal', weight=700, stretch='condensed', size='scalable')) = 10.535
11:19:38 matplotlib.font_manager DEBUG: findfont: score(FontEntry(fname='/usr/share/fonts/google-noto-cjk/NotoSansCJK-DemiLight.ttc', name='Noto Sans CJK JP', style='normal', variant='normal', weight=350, stretch='normal', size='scalable')) = 10.0975
11:19:38 matplotlib.font_manager DEBUG: findfont: score(FontEntry(fname='/usr/share/fonts/julietaula-montserrat/Montserrat-MediumItalic.otf', name='Montserrat', style='italic', variant='normal', weight=500, stretch='normal', size='scalable')) = 11.145
11:19:38 matplotlib.font_manager DEBUG: findfont: score(FontEntry(fname='/usr/share/fonts/urw-base35/URWGothic-DemiOblique.otf', name='URW Gothic', style='oblique', variant='normal', weight=600, stretch='normal', size='scalable')) = 11.24
11:19:38 matplotlib.font_manager DEBUG: findfont: score(FontEntry(fname='/usr/share/fonts/google-droid/DroidSans-Bold.ttf', name='Droid Sans', style='normal', variant='normal', weight=700, stretch='normal', size='scalable')) = 10.335
11:19:38 matplotlib.font_manager DEBUG: findfont: score(FontEntry(fname='/usr/share/fonts/google-noto/NotoSansMeeteiMayek-Regular.ttf', name='Noto Sans Meetei Mayek', style='normal', variant='normal', weight=400, stretch='normal', size='scalable')) = 10.05
11:19:38 matplotlib.font_manager DEBUG: findfont: score(FontEntry(fname='/usr/share/fonts/google-droid/DroidSansHebrew-Regular.ttf', name='Droid Sans Hebrew', style='normal', variant='normal', weight=400, stretch='normal', size='scalable')) = 10.05
11:19:38 matplotlib.font_manager DEBUG: findfont: score(FontEntry(fname='/usr/share/fonts/google-noto-emoji/NotoEmoji-Regular.ttf', name='Noto Emoji', style='normal', variant='normal', weight=400, stretch='normal', size='scalable')) = 10.05
11:19:38 matplotlib.font_manager DEBUG: findfont: score(FontEntry(fname='/usr/share/fonts/google-crosextra-caladea/Caladea-Italic.ttf', name='Caladea', style='italic', variant='normal', weight=400, stretch='normal', size='scalable')) = 11.05
11:19:38 matplotlib.font_manager DEBUG: findfont: score(FontEntry(fname='/usr/share/fonts/julietaula-montserrat/Montserrat-LightItalic.otf', name='Montserrat', style='italic', variant='normal', weight=300, stretch='normal', size='scalable')) = 11.145
11:19:38 matplotlib.font_manager DEBUG: findfont: score(FontEntry(fname='/usr/share/fonts/urw-base35/NimbusSans-Bold.otf', name='Nimbus Sans', style='normal', variant='normal', weight=700, stretch='normal', size='scalable')) = 10.335
11:19:38 matplotlib.font_manager DEBUG: findfont: score(FontEntry(fname='/usr/share/fonts/dejavu/DejaVuSerif-BoldItalic.ttf', name='DejaVu Serif', style='italic', variant='normal', weight=700, stretch='normal', size='scalable')) = 11.335
11:19:38 matplotlib.font_manager DEBUG: findfont: score(FontEntry(fname='/usr/share/fonts/liberation-serif/LiberationSerif-Italic.ttf', name='Liberation Serif', style='italic', variant='normal', weight=400, stretch='normal', size='scalable')) = 11.05
11:19:38 matplotlib.font_manager DEBUG: findfont: score(FontEntry(fname='/usr/share/fonts/google-crosextra-carlito/Carlito-Regular.ttf', name='Carlito', style='normal', variant='normal', weight=400, stretch='normal', size='scalable')) = 10.05
11:19:38 matplotlib.font_manager DEBUG: findfont: score(FontEntry(fname='/usr/share/fonts/dejavu/DejaVuSerifCondensed-Bold.ttf', name='DejaVu Serif', style='normal', variant='normal', weight=700, stretch='condensed', size='scalable')) = 10.535
11:19:38 matplotlib.font_manager DEBUG: findfont: score(FontEntry(fname='/usr/share/fonts/google-crosextra-caladea/Caladea-Bold.ttf', name='Caladea', style='normal', variant='normal', weight=700, stretch='normal', size='scalable')) = 10.335
11:19:38 matplotlib.font_manager DEBUG: findfont: score(FontEntry(fname='/usr/share/fonts/thai-scalable/Waree-Oblique.ttf', name='Waree', style='oblique', variant='normal', weight=400, stretch='normal', size='scalable')) = 11.05
11:19:38 matplotlib.font_manager DEBUG: findfont: score(FontEntry(fname='/usr/share/fonts/google-droid/DroidSansHebrew-Bold.ttf', name='Droid Sans Hebrew', style='normal', variant='normal', weight=600, stretch='normal', size='scalable')) = 10.24
11:19:38 matplotlib.font_manager DEBUG: findfont: score(FontEntry(fname='/usr/share/fonts/julietaula-montserrat/MontserratAlternates-MediumItalic.otf', name='Montserrat Alternates', style='italic', variant='normal', weight=500, stretch='normal', size='scalable')) = 11.145
11:19:38 matplotlib.font_manager DEBUG: findfont: score(FontEntry(fname='/usr/share/fonts/abattis-cantarell/Cantarell-BoldOblique.otf', name='Cantarell', style='oblique', variant='normal', weight=700, stretch='normal', size='scalable')) = 11.335
11:19:38 matplotlib.font_manager DEBUG: findfont: score(FontEntry(fname='/usr/share/fonts/google-crosextra-caladea/Caladea-Regular.ttf', name='Caladea', style='normal', variant='normal', weight=400, stretch='normal', size='scalable')) = 10.05
11:19:38 matplotlib.font_manager DEBUG: findfont: score(FontEntry(fname='/usr/share/fonts/julietaula-montserrat/MontserratAlternates-ExtraBoldItalic.otf', name='Montserrat Alternates', style='italic', variant='normal', weight=800, stretch='normal', size='scalable')) = 11.43
11:19:38 matplotlib.font_manager DEBUG: findfont: score(FontEntry(fname='/usr/share/fonts/julietaula-montserrat/Montserrat-Italic.otf', name='Montserrat', style='italic', variant='normal', weight=400, stretch='normal', size='scalable')) = 11.05
11:19:38 matplotlib.font_manager DEBUG: findfont: score(FontEntry(fname='/usr/share/fonts/abattis-cantarell/Cantarell-Bold.otf', name='Cantarell', style='normal', variant='normal', weight=700, stretch='normal', size='scalable')) = 10.335
11:19:38 matplotlib.font_manager DEBUG: findfont: score(FontEntry(fname='/usr/share/fonts/liberation-mono/LiberationMono-BoldItalic.ttf', name='Liberation Mono', style='italic', variant='normal', weight=700, stretch='normal', size='scalable')) = 11.335
11:19:38 matplotlib.font_manager DEBUG: findfont: score(FontEntry(fname='/usr/share/fonts/julietaula-montserrat/Montserrat-Black.otf', name='Montserrat', style='normal', variant='normal', weight=900, stretch='normal', size='scalable')) = 10.525
11:19:38 matplotlib.font_manager DEBUG: findfont: score(FontEntry(fname='/usr/share/fonts/google-crosextra-carlito/Carlito-Bold.ttf', name='Carlito', style='normal', variant='normal', weight=700, stretch='normal', size='scalable')) = 10.335
11:19:38 matplotlib.font_manager DEBUG: findfont: score(FontEntry(fname='/usr/share/fonts/khmeros/KhmerOS.ttf', name='Khmer OS', style='normal', variant='normal', weight=400, stretch='normal', size='scalable')) = 10.05
11:19:38 matplotlib.font_manager DEBUG: findfont: score(FontEntry(fname='/usr/share/fonts/urw-base35/URWBookman-LightItalic.otf', name='URW Bookman', style='italic', variant='normal', weight=300, stretch='normal', size='scalable')) = 11.145
11:19:38 matplotlib.font_manager DEBUG: findfont: score(FontEntry(fname='/usr/share/fonts/thai-scalable/Waree.ttf', name='Waree', style='normal', variant='normal', weight=400, stretch='normal', size='scalable')) = 10.05
11:19:38 matplotlib.font_manager DEBUG: findfont: score(FontEntry(fname='/usr/share/fonts/dejavu/DejaVuSansCondensed.ttf', name='DejaVu Sans', style='normal', variant='normal', weight=400, stretch='condensed', size='scalable')) = 0.25
11:19:38 matplotlib.font_manager DEBUG: findfont: score(FontEntry(fname='/usr/share/fonts/dejavu/DejaVuSerif-Italic.ttf', name='DejaVu Serif', style='italic', variant='normal', weight=400, stretch='normal', size='scalable')) = 11.05
11:19:38 matplotlib.font_manager DEBUG: findfont: score(FontEntry(fname='/usr/share/fonts/urw-base35/NimbusRoman-Bold.otf', name='Nimbus Roman', style='normal', variant='normal', weight=700, stretch='normal', size='scalable')) = 10.335
11:19:38 matplotlib.font_manager DEBUG: findfont: score(FontEntry(fname='/usr/share/fonts/google-noto-cjk/NotoSansCJK-Light.ttc', name='Noto Sans CJK JP', style='normal', variant='normal', weight=300, stretch='normal', size='scalable')) = 10.145
11:19:38 matplotlib.font_manager DEBUG: findfont: score(FontEntry(fname='/usr/share/fonts/lohit-assamese/Lohit-Assamese.ttf', name='Lohit Assamese', style='normal', variant='normal', weight=400, stretch='normal', size='scalable')) = 10.05
11:19:38 matplotlib.font_manager DEBUG: findfont: score(FontEntry(fname='/usr/share/fonts/khmeros/KhmerOS_sys.ttf', name='Khmer OS System', style='normal', variant='normal', weight=400, stretch='normal', size='scalable')) = 10.05
11:19:38 matplotlib.font_manager DEBUG: findfont: score(FontEntry(fname='/usr/share/fonts/julietaula-montserrat/Montserrat-Bold.otf', name='Montserrat', style='normal', variant='normal', weight=700, stretch='normal', size='scalable')) = 10.335
11:19:38 matplotlib.font_manager DEBUG: findfont: score(FontEntry(fname='/usr/share/fonts/gnu-free/FreeMonoOblique.ttf', name='FreeMono', style='oblique', variant='normal', weight=400, stretch='normal', size='scalable')) = 11.05
11:19:38 matplotlib.font_manager DEBUG: findfont: score(FontEntry(fname='/usr/share/fonts/urw-base35/URWBookman-Demi.otf', name='URW Bookman', style='normal', variant='normal', weight=600, stretch='normal', size='scalable')) = 10.24
11:19:38 matplotlib.font_manager DEBUG: findfont: score(FontEntry(fname='/usr/share/fonts/julietaula-montserrat/Montserrat-Thin.otf', name='Montserrat', style='normal', variant='normal', weight=250, stretch='normal', size='scalable')) = 10.1925
11:19:38 matplotlib.font_manager DEBUG: findfont: score(FontEntry(fname='/usr/share/fonts/google-droid/DroidSansEthiopic-Regular.ttf', name='Droid Sans Ethiopic', style='normal', variant='normal', weight=400, stretch='normal', size='scalable')) = 10.05
11:19:38 matplotlib.font_manager DEBUG: findfont: score(FontEntry(fname='/usr/share/fonts/dejavu/DejaVuSans-ExtraLight.ttf', name='DejaVu Sans', style='normal', variant='normal', weight=200, stretch='normal', size='scalable')) = 0.24
11:19:38 matplotlib.font_manager DEBUG: findfont: score(FontEntry(fname='/usr/share/fonts/stix/STIX-Bold.otf', name='STIX', style='normal', variant='normal', weight=700, stretch='normal', size='scalable')) = 10.335
11:19:38 matplotlib.font_manager DEBUG: findfont: score(FontEntry(fname='/usr/share/fonts/urw-base35/NimbusSans-BoldItalic.otf', name='Nimbus Sans', style='italic', variant='normal', weight=700, stretch='normal', size='scalable')) = 11.335
11:19:38 matplotlib.font_manager DEBUG: findfont: score(FontEntry(fname='/usr/share/fonts/julietaula-montserrat/MontserratAlternates-SemiBold.otf', name='Montserrat Alternates', style='normal', variant='normal', weight=600, stretch='normal', size='scalable')) = 10.24
11:19:38 matplotlib.font_manager DEBUG: findfont: score(FontEntry(fname='/usr/share/fonts/dejavu/DejaVuSansCondensed-BoldOblique.ttf', name='DejaVu Sans', style='oblique', variant='normal', weight=700, stretch='condensed', size='scalable')) = 1.535
11:19:38 matplotlib.font_manager DEBUG: findfont: score(FontEntry(fname='/usr/share/fonts/gnu-free/FreeSansBold.ttf', name='FreeSans', style='normal', variant='normal', weight=600, stretch='normal', size='scalable')) = 10.24
11:19:38 matplotlib.font_manager DEBUG: findfont: score(FontEntry(fname='/usr/share/fonts/urw-base35/Z003-MediumItalic.otf', name='Z003', style='italic', variant='normal', weight=500, stretch='normal', size='scalable')) = 11.145
11:19:38 matplotlib.font_manager DEBUG: findfont: score(FontEntry(fname='/usr/share/fonts/google-noto-cjk/NotoSansCJK-Thin.ttc', name='Noto Sans CJK JP', style='normal', variant='normal', weight=100, stretch='normal', size='scalable')) = 10.335
11:19:38 matplotlib.font_manager DEBUG: findfont: score(FontEntry(fname='/usr/share/fonts/google-noto/NotoSansSinhala-Bold.ttf', name='Noto Sans Sinhala', style='normal', variant='normal', weight=700, stretch='normal', size='scalable')) = 10.335
11:19:38 matplotlib.font_manager DEBUG: findfont: score(FontEntry(fname='/usr/share/fonts/google-noto-cjk/NotoSansCJK-Medium.ttc', name='Noto Sans CJK JP', style='normal', variant='normal', weight=500, stretch='normal', size='scalable')) = 10.145
11:19:38 matplotlib.font_manager DEBUG: findfont: score(FontEntry(fname='/usr/share/fonts/urw-base35/P052-Bold.otf', name='P052', style='normal', variant='normal', weight=700, stretch='normal', size='scalable')) = 10.335
11:19:38 matplotlib.font_manager DEBUG: findfont: score(FontEntry(fname='/usr/share/fonts/google-noto-cjk/NotoSerifCJK-ExtraLight.ttc', name='Noto Serif CJK JP', style='normal', variant='normal', weight=200, stretch='normal', size='scalable')) = 10.24
11:19:38 matplotlib.font_manager DEBUG: findfont: score(FontEntry(fname='/usr/share/fonts/julietaula-montserrat/MontserratAlternates-Light.otf', name='Montserrat Alternates', style='normal', variant='normal', weight=300, stretch='normal', size='scalable')) = 10.145
11:19:38 matplotlib.font_manager DEBUG: findfont: score(FontEntry(fname='/usr/share/fonts/jomolhari/Jomolhari-alpha3c-0605331.ttf', name='Jomolhari', style='normal', variant='normal', weight=400, stretch='normal', size='scalable')) = 10.05
11:19:38 matplotlib.font_manager DEBUG: findfont: score(FontEntry(fname='/usr/share/fonts/liberation-sans/LiberationSans-Italic.ttf', name='Liberation Sans', style='italic', variant='normal', weight=400, stretch='normal', size='scalable')) = 11.05
11:19:38 matplotlib.font_manager DEBUG: findfont: score(FontEntry(fname='/usr/share/fonts/google-noto-cjk/NotoSerifCJK-Light.ttc', name='Noto Serif CJK JP', style='normal', variant='normal', weight=300, stretch='normal', size='scalable')) = 10.145
11:19:38 matplotlib.font_manager DEBUG: findfont: score(FontEntry(fname='/usr/share/fonts/google-noto-cjk/NotoSerifCJK-Medium.ttc', name='Noto Serif CJK JP', style='normal', variant='normal', weight=500, stretch='normal', size='scalable')) = 10.145
11:19:38 matplotlib.font_manager DEBUG: findfont: score(FontEntry(fname='/usr/share/fonts/google-noto-cjk/NotoSerifCJK-Regular.ttc', name='Noto Serif CJK JP', style='normal', variant='normal', weight=400, stretch='normal', size='scalable')) = 10.05
11:19:38 matplotlib.font_manager DEBUG: findfont: score(FontEntry(fname='/usr/share/fonts/google-droid/DroidSansTamil-Bold.ttf', name='Droid Sans Tamil', style='normal', variant='normal', weight=700, stretch='normal', size='scalable')) = 10.335
11:19:38 matplotlib.font_manager DEBUG: findfont: score(FontEntry(fname='/usr/share/fonts/gnu-free/FreeMono.ttf', name='FreeMono', style='normal', variant='normal', weight=400, stretch='normal', size='scalable')) = 10.05
11:19:38 matplotlib.font_manager DEBUG: findfont: score(FontEntry(fname='/usr/share/fonts/urw-base35/NimbusMonoPS-BoldItalic.otf', name='Nimbus Mono PS', style='italic', variant='normal', weight=700, stretch='normal', size='scalable')) = 11.335
11:19:38 matplotlib.font_manager DEBUG: findfont: score(FontEntry(fname='/usr/share/fonts/google-droid/DroidSansThai.ttf', name='Droid Sans Thai', style='normal', variant='normal', weight=400, stretch='normal', size='scalable')) = 10.05
11:19:38 matplotlib.font_manager DEBUG: findfont: score(FontEntry(fname='/usr/share/fonts/google-droid/DroidSansEthiopic-Bold.ttf', name='Droid Sans Ethiopic', style='normal', variant='normal', weight=700, stretch='normal', size='scalable')) = 10.335
11:19:38 matplotlib.font_manager DEBUG: findfont: Matching sans\-serif:style=normal:variant=normal:weight=normal:stretch=normal:size=8.0 to DejaVu Sans ('/home/patrasej/workspace_dev2/local/miniconda3/envs/pyspice/lib/python3.10/site-packages/matplotlib/mpl-data/fonts/ttf/DejaVuSans.ttf') with score of 0.050000.
11:19:48 matplotlib.colorbar DEBUG: locator: <matplotlib.ticker.AutoLocator object at 0x7f0043a89990>
11:19:49 matplotlib.colorbar DEBUG: locator: <matplotlib.ticker.AutoLocator object at 0x7effd99a61d0>
11:19:50 matplotlib.colorbar DEBUG: locator: <matplotlib.ticker.AutoLocator object at 0x7effd9a49780>
